timestamp,egg_id,x1,y1,x2,y2,confidence,class,diameter_px,diameter_mm,size_category,weight_g
2026-04-13T14:12:57.792374,0,817,3,1280,718,0.6295,egg,715,715.0,Large,80
2026-04-13T14:12:57.792521,1,0,0,792,720,0.6285,egg,792,792.0,Large,80
2026-04-13T14:12:59.785427,0,816,3,1280,718,0.6448,egg,715,715.0,Large,80
2026-04-13T14:12:59.785654,1,0,14,775,720,0.7006,egg,775,775.0,Large,80
2026-04-13T14:13:02.196991,0,840,3,1278,720,0.6493,egg,717,717.0,Large,80
2026-04-13T14:13:02.197221,1,0,14,820,712,0.604,egg,820,820.0,Large,80
2026-04-13T14:13:04.644924,0,843,3,1278,720,0.6477,egg,717,717.0,Large,80
2026-04-13T14:13:04.645418,1,0,0,826,708,0.5426,egg,826,826.0,Large,80
2026-04-13T14:13:05.373234,0,843,3,1278,720,0.6442,egg,717,717.0,Large,80
2026-04-13T14:13:05.373331,1,1,7,819,709,0.5652,egg,818,818.0,Large,80
2026-04-13T14:13:08.851488,0,843,4,1278,720,0.6467,egg,716,716.0,Large,80
2026-04-13T14:13:08.851638,1,0,1,861,720,0.5937,egg,861,861.0,Large,80
2026-04-13T14:13:10.392398,0,844,3,1278,720,0.5535,egg,717,717.0,Large,80
2026-04-13T14:13:10.392603,1,0,0,826,713,0.5641,egg,826,826.0,Large,80
2026-04-13T14:13:13.154401,0,843,3,1278,720,0.6246,egg,717,717.0,Large,80
2026-04-13T14:13:13.155014,1,0,10,829,712,0.492,egg,829,829.0,Large,80
2026-04-13T14:13:14.599476,0,842,4,1278,720,0.4753,egg,716,716.0,Large,80
2026-04-13T14:13:14.599727,1,0,22,834,714,0.5447,egg,834,834.0,Large,80
2026-04-13T14:13:14.599807,2,3,30,781,716,0.4149,egg,778,778.0,Large,80
2026-04-13T14:13:16.135591,0,843,3,1278,720,0.5025,egg,717,717.0,Large,80
2026-04-13T14:13:16.135764,1,1,19,816,709,0.5158,egg,815,815.0,Large,80
2026-04-13T14:13:17.664082,0,840,3,1278,720,0.6077,egg,717,717.0,Large,80
2026-04-13T14:13:17.664327,1,1,24,812,717,0.5854,egg,811,811.0,Large,80
2026-04-13T14:13:18.409026,0,841,3,1278,720,0.6029,egg,717,717.0,Large,80
2026-04-13T14:13:18.409197,1,0,26,812,716,0.5188,egg,812,812.0,Large,80
2026-04-13T14:13:18.409259,2,0,28,770,720,0.4802,egg,770,770.0,Large,80
2026-04-13T14:13:19.303505,0,840,3,1278,720,0.6145,egg,717,717.0,Large,80
2026-04-13T14:13:19.303691,1,0,25,811,716,0.5335,egg,811,811.0,Large,80
2026-04-13T14:13:19.303736,2,1,27,770,720,0.42,egg,769,769.0,Large,80
2026-04-13T14:13:19.971463,0,840,3,1278,720,0.6285,egg,717,717.0,Large,80
2026-04-13T14:13:19.971835,1,1,22,811,713,0.5718,egg,810,810.0,Large,80
2026-04-13T14:13:20.706803,0,841,4,1278,720,0.6115,egg,716,716.0,Large,80
2026-04-13T14:13:20.706970,1,0,22,814,715,0.5268,egg,814,814.0,Large,80
2026-04-13T14:13:20.707026,2,0,27,770,718,0.439,egg,770,770.0,Large,80
2026-04-13T14:13:22.393633,0,841,4,1278,720,0.615,egg,716,716.0,Large,80
2026-04-13T14:13:22.393719,1,0,21,815,717,0.6073,egg,815,815.0,Large,80
2026-04-13T14:13:22.393741,2,1,25,771,720,0.4794,egg,770,770.0,Large,80
2026-04-13T14:13:23.871523,0,841,3,1278,720,0.6543,egg,717,717.0,Large,80
2026-04-13T14:13:23.871706,1,0,18,836,720,0.656,egg,836,836.0,Large,80
2026-04-13T14:13:24.728643,0,841,3,1278,720,0.6262,egg,717,717.0,Large,80
2026-04-13T14:13:24.728761,1,0,20,835,720,0.6567,egg,835,835.0,Large,80
2026-04-13T14:13:26.806254,0,841,3,1278,720,0.6206,egg,717,717.0,Large,80
2026-04-13T14:13:26.806535,1,0,19,815,717,0.6139,egg,815,815.0,Large,80
2026-04-13T14:13:28.719366,0,841,4,1278,720,0.6247,egg,716,716.0,Large,80
2026-04-13T14:13:28.719548,1,0,23,813,717,0.6394,egg,813,813.0,Large,80
2026-04-13T14:13:30.492971,0,823,4,1278,720,0.7002,egg,716,716.0,Large,80
2026-04-13T14:13:30.493150,1,0,45,819,720,0.6471,egg,819,819.0,Large,80
2026-04-13T14:13:31.179252,3,0,0,1181,715,0.5461,egg,1181,1181.0,Large,80
2026-04-13T14:13:31.850604,1,0,1,834,718,0.6276,egg,834,834.0,Large,80
2026-04-13T14:13:31.850789,4,646,3,1280,716,0.6378,egg,713,713.0,Large,80
2026-04-13T14:13:32.923784,5,0,39,1280,720,0.7539,egg,1280,1280.0,Large,80
2026-04-13T14:13:34.250617,0,839,4,1278,720,0.5025,egg,716,716.0,Large,80
2026-04-13T14:13:34.251234,1,5,0,809,717,0.728,egg,804,804.0,Large,80
2026-04-13T14:13:34.986139,1,0,0,825,720,0.8173,egg,825,825.0,Large,80
2026-04-13T14:13:34.986297,4,705,4,1278,720,0.4124,egg,716,716.0,Large,80
2026-04-13T14:13:49.833100,0,0,0,804,716,0.838,egg,804,804.0,Large,80
2026-04-13T14:13:49.834046,1,822,4,1278,720,0.589,egg,716,716.0,Large,80
2026-04-13T14:13:49.834078,2,816,3,1279,718,0.4588,egg,715,715.0,Large,80
2026-04-13T14:13:51.762000,0,0,58,766,720,0.8589,egg,766,766.0,Large,80
2026-04-13T14:13:51.762183,1,821,13,1279,720,0.6018,egg,707,707.0,Large,80
2026-04-13T14:13:52.464642,0,0,2,792,719,0.8309,egg,792,792.0,Large,80
2026-04-13T14:13:52.464769,1,795,3,1278,720,0.5699,egg,717,717.0,Large,80
2026-04-13T14:13:53.911157,0,0,0,782,719,0.8463,egg,782,782.0,Large,80
2026-04-13T14:13:53.911342,1,819,13,1279,720,0.563,egg,707,707.0,Large,80
2026-04-13T14:13:54.774788,0,0,0,787,719,0.8249,egg,787,787.0,Large,80
2026-04-13T14:13:54.774972,1,819,13,1279,720,0.6277,egg,707,707.0,Large,80
2026-04-13T14:13:56.953616,0,0,0,784,719,0.8491,egg,784,784.0,Large,80
2026-04-13T14:13:56.953843,1,819,13,1279,720,0.5967,egg,707,707.0,Large,80
2026-04-13T14:13:58.937670,0,0,0,781,719,0.8485,egg,781,781.0,Large,80
2026-04-13T14:13:58.938317,1,819,13,1279,720,0.6198,egg,707,707.0,Large,80
2026-04-13T14:15:01.479424,0,0,7,379,216,0.6954,egg,379,379.0,Large,80
2026-04-13T14:15:01.518666,0,0,7,379,216,0.6954,egg,379,379.0,Large,80
2026-04-13T14:15:01.549795,0,0,7,379,216,0.6954,egg,379,379.0,Large,80
2026-04-13T14:15:03.067278,1,0,1,235,216,0.7471,egg,235,235.0,Large,80
2026-04-13T14:15:03.067462,2,246,1,383,216,0.6946,egg,215,215.0,Large,80
2026-04-13T14:15:03.120995,1,0,1,235,216,0.7471,egg,235,235.0,Large,80
2026-04-13T14:15:03.121133,2,246,1,383,216,0.6946,egg,215,215.0,Large,80
2026-04-13T14:15:03.152695,1,0,1,235,216,0.7471,egg,235,235.0,Large,80
2026-04-13T14:15:03.152849,2,246,1,383,216,0.6946,egg,215,215.0,Large,80
2026-04-13T14:15:04.397731,1,0,0,248,215,0.7093,egg,248,248.0,Large,80
2026-04-13T14:15:04.397917,2,246,1,383,216,0.7107,egg,215,215.0,Large,80
2026-04-13T14:15:04.452046,1,0,0,248,215,0.7093,egg,248,248.0,Large,80
2026-04-13T14:15:04.452226,2,246,1,383,216,0.7107,egg,215,215.0,Large,80
2026-04-13T14:15:04.485527,1,0,0,248,215,0.7093,egg,248,248.0,Large,80
2026-04-13T14:15:04.485720,2,246,1,383,216,0.7107,egg,215,215.0,Large,80
2026-04-13T14:15:05.765885,1,0,0,248,214,0.7454,egg,248,248.0,Large,80
2026-04-13T14:15:05.766092,2,246,1,383,216,0.6991,egg,215,215.0,Large,80
2026-04-13T14:15:05.817100,1,0,0,248,214,0.7454,egg,248,248.0,Large,80
2026-04-13T14:15:05.817266,2,246,1,383,216,0.6991,egg,215,215.0,Large,80
2026-04-13T14:15:05.850800,1,0,0,248,214,0.7454,egg,248,248.0,Large,80
2026-04-13T14:15:05.850984,2,246,1,383,216,0.6991,egg,215,215.0,Large,80
2026-04-13T14:15:08.172106,1,1,9,233,215,0.8112,egg,232,232.0,Large,80
2026-04-13T14:15:08.172310,2,246,1,383,216,0.5947,egg,215,215.0,Large,80
2026-04-13T14:15:08.215988,1,1,9,233,215,0.8112,egg,232,232.0,Large,80
2026-04-13T14:15:08.216179,2,246,1,383,216,0.5947,egg,215,215.0,Large,80
2026-04-13T14:15:08.250778,1,1,9,233,215,0.8112,egg,232,232.0,Large,80
2026-04-13T14:15:08.250966,2,246,1,383,216,0.5947,egg,215,215.0,Large,80
2026-04-13T14:15:09.869844,0,0,9,305,216,0.8199,egg,305,305.0,Large,80
2026-04-13T14:15:09.915114,0,0,9,305,216,0.8199,egg,305,305.0,Large,80
2026-04-13T14:15:09.949672,0,0,9,305,216,0.8199,egg,305,305.0,Large,80
2026-04-13T14:15:11.687167,0,0,4,245,215,0.6932,egg,245,245.0,Large,80
2026-04-13T14:15:11.687374,2,216,1,384,216,0.4109,egg,215,215.0,Large,80
2026-04-13T14:15:11.714586,0,0,4,245,215,0.6932,egg,245,245.0,Large,80
2026-04-13T14:15:11.714734,2,216,1,384,216,0.4109,egg,215,215.0,Large,80
2026-04-13T14:15:11.749015,0,0,4,245,215,0.6932,egg,245,245.0,Large,80
2026-04-13T14:15:11.749192,2,216,1,384,216,0.4109,egg,215,215.0,Large,80
2026-04-13T14:15:12.705196,0,0,8,245,216,0.6494,egg,245,245.0,Large,80
2026-04-13T14:15:12.748077,0,0,8,245,216,0.6494,egg,245,245.0,Large,80
2026-04-13T14:15:12.781384,0,0,8,245,216,0.6494,egg,245,245.0,Large,80
2026-04-13T14:15:15.286092,0,0,8,245,216,0.6785,egg,245,245.0,Large,80
2026-04-13T14:15:15.286330,2,220,4,384,216,0.4303,egg,212,212.0,Large,80
2026-04-13T14:15:15.313691,0,0,8,245,216,0.6785,egg,245,245.0,Large,80
2026-04-13T14:15:15.313859,2,220,4,384,216,0.4303,egg,212,212.0,Large,80
2026-04-13T14:15:15.346871,0,0,8,245,216,0.6785,egg,245,245.0,Large,80
2026-04-13T14:15:15.347036,2,220,4,384,216,0.4303,egg,212,212.0,Large,80
2026-04-13T14:15:16.573086,0,0,0,235,216,0.7531,egg,235,235.0,Large,80
2026-04-13T14:15:16.573276,2,245,1,384,215,0.6334,egg,214,214.0,Large,80
2026-04-13T14:15:16.612605,0,0,0,235,216,0.7531,egg,235,235.0,Large,80
2026-04-13T14:15:16.612676,2,245,1,384,215,0.6334,egg,214,214.0,Large,80
2026-04-13T14:15:16.646338,0,0,0,235,216,0.7531,egg,235,235.0,Large,80
2026-04-13T14:15:16.646414,2,245,1,384,215,0.6334,egg,214,214.0,Large,80
2026-04-13T14:15:17.266878,0,0,0,254,216,0.5681,egg,254,254.0,Large,80
2026-04-13T14:15:17.267055,2,246,1,383,216,0.6577,egg,215,215.0,Large,80
2026-04-13T14:15:17.313918,0,0,0,254,216,0.5681,egg,254,254.0,Large,80
2026-04-13T14:15:17.314104,2,246,1,383,216,0.6577,egg,215,215.0,Large,80
2026-04-13T14:15:17.347160,0,0,0,254,216,0.5681,egg,254,254.0,Large,80
2026-04-13T14:15:17.347346,2,246,1,383,216,0.6577,egg,215,215.0,Large,80
2026-04-13T14:15:19.176251,0,0,18,228,216,0.7591,egg,228,228.0,Large,80
2026-04-13T14:15:19.177319,2,246,1,383,216,0.6472,egg,215,215.0,Large,80
2026-04-13T14:15:19.212887,0,0,18,228,216,0.7591,egg,228,228.0,Large,80
2026-04-13T14:15:19.213073,2,246,1,383,216,0.6472,egg,215,215.0,Large,80
2026-04-13T14:15:19.245753,0,0,18,228,216,0.7591,egg,228,228.0,Large,80
2026-04-13T14:15:19.245907,2,246,1,383,216,0.6472,egg,215,215.0,Large,80
2026-04-13T14:15:20.497394,0,0,19,236,216,0.7882,egg,236,236.0,Large,80
2026-04-13T14:15:20.497602,2,247,1,383,216,0.6693,egg,215,215.0,Large,80
2026-04-13T14:15:20.546013,0,0,19,236,216,0.7882,egg,236,236.0,Large,80
2026-04-13T14:15:20.546216,2,247,1,383,216,0.6693,egg,215,215.0,Large,80
2026-04-13T14:15:20.577890,0,0,19,236,216,0.7882,egg,236,236.0,Large,80
2026-04-13T14:15:20.578056,2,247,1,383,216,0.6693,egg,215,215.0,Large,80
2026-04-13T14:15:21.258927,0,0,6,228,216,0.6925,egg,228,228.0,Large,80
2026-04-13T14:15:21.259152,2,246,1,383,216,0.6638,egg,215,215.0,Large,80
2026-04-13T14:15:21.312586,0,0,6,228,216,0.6925,egg,228,228.0,Large,80
2026-04-13T14:15:21.312780,2,246,1,383,216,0.6638,egg,215,215.0,Large,80
2026-04-13T14:15:21.344451,0,0,6,228,216,0.6925,egg,228,228.0,Large,80
2026-04-13T14:15:21.344589,2,246,1,383,216,0.6638,egg,215,215.0,Large,80
2026-04-13T14:15:22.999738,0,0,0,238,215,0.7,egg,238,238.0,Large,80
2026-04-13T14:15:22.999907,2,246,1,383,216,0.6454,egg,215,215.0,Large,80
2026-04-13T14:15:23.041906,0,0,0,238,215,0.7,egg,238,238.0,Large,80
2026-04-13T14:15:23.042081,2,246,1,383,216,0.6454,egg,215,215.0,Large,80
2026-04-13T14:15:23.077139,0,0,0,238,215,0.7,egg,238,238.0,Large,80
2026-04-13T14:15:23.077305,2,246,1,383,216,0.6454,egg,215,215.0,Large,80
2026-04-13T14:15:23.719106,0,0,0,233,216,0.6916,egg,233,233.0,Large,80
2026-04-13T14:15:23.719313,2,246,1,383,216,0.6321,egg,215,215.0,Large,80
2026-04-13T14:15:23.743489,0,0,0,233,216,0.6916,egg,233,233.0,Large,80
2026-04-13T14:15:23.743569,2,246,1,383,216,0.6321,egg,215,215.0,Large,80
2026-04-13T14:15:23.775536,0,0,0,233,216,0.6916,egg,233,233.0,Large,80
2026-04-13T14:15:23.775690,2,246,1,383,216,0.6321,egg,215,215.0,Large,80
2026-04-13T14:15:24.431814,0,0,6,230,216,0.7557,egg,230,230.0,Large,80
2026-04-13T14:15:24.432024,2,246,1,383,216,0.6317,egg,215,215.0,Large,80
2026-04-13T14:15:24.477289,0,0,6,230,216,0.7557,egg,230,230.0,Large,80
2026-04-13T14:15:24.477499,2,246,1,383,216,0.6317,egg,215,215.0,Large,80
2026-04-13T14:15:24.508687,0,0,6,230,216,0.7557,egg,230,230.0,Large,80
2026-04-13T14:15:24.508870,2,246,1,383,216,0.6317,egg,215,215.0,Large,80
2026-04-13T14:15:26.244361,0,0,19,227,216,0.7783,egg,227,227.0,Large,80
2026-04-13T14:15:26.245265,2,246,1,383,216,0.5733,egg,215,215.0,Large,80
2026-04-13T14:15:26.275523,0,0,19,227,216,0.7783,egg,227,227.0,Large,80
2026-04-13T14:15:26.275719,2,246,1,383,216,0.5733,egg,215,215.0,Large,80
2026-04-13T14:15:26.308476,0,0,19,227,216,0.7783,egg,227,227.0,Large,80
2026-04-13T14:15:26.308649,2,246,1,383,216,0.5733,egg,215,215.0,Large,80
2026-04-13T14:15:28.769751,0,0,1,249,216,0.701,egg,249,249.0,Large,80
2026-04-13T14:15:28.806246,0,0,1,249,216,0.701,egg,249,249.0,Large,80
2026-04-13T14:15:28.837967,0,0,1,249,216,0.701,egg,249,249.0,Large,80
2026-04-13T14:15:31.440753,3,0,8,384,216,0.6211,egg,384,384.0,Large,80
2026-04-13T14:15:31.473581,3,0,8,384,216,0.6211,egg,384,384.0,Large,80
2026-04-13T14:15:31.506916,3,0,8,384,216,0.6211,egg,384,384.0,Large,80
2026-04-13T14:15:34.783712,3,5,7,381,216,0.7438,egg,376,376.0,Large,80
2026-04-13T14:19:35.964422,0,0,22,820,720,0.7067,egg,820,820.0,Large,80
2026-04-13T14:19:35.965259,1,748,18,1280,720,0.4025,egg,702,702.0,Large,80
2026-04-13T14:19:35.996732,0,0,22,820,720,0.7067,egg,820,820.0,Large,80
2026-04-13T14:19:35.996813,1,748,18,1280,720,0.4025,egg,702,702.0,Large,80
2026-04-13T14:19:36.027599,0,0,22,820,720,0.7067,egg,820,820.0,Large,80
2026-04-13T14:19:36.027693,1,748,18,1280,720,0.4025,egg,702,702.0,Large,80
2026-04-13T14:19:36.062368,0,0,22,820,720,0.7067,egg,820,820.0,Large,80
2026-04-13T14:19:36.062444,1,748,18,1280,720,0.4025,egg,702,702.0,Large,80
2026-04-13T14:19:36.094444,0,0,22,820,720,0.7067,egg,820,820.0,Large,80
2026-04-13T14:19:36.094514,1,748,18,1280,720,0.4025,egg,702,702.0,Large,80
2026-04-13T14:19:36.129854,0,0,22,820,720,0.7067,egg,820,820.0,Large,80
2026-04-13T14:19:36.129918,1,748,18,1280,720,0.4025,egg,702,702.0,Large,80
2026-04-13T14:19:36.162432,0,0,22,820,720,0.7067,egg,820,820.0,Large,80
2026-04-13T14:19:36.162497,1,748,18,1280,720,0.4025,egg,702,702.0,Large,80
2026-04-13T14:19:36.197461,0,0,22,820,720,0.7067,egg,820,820.0,Large,80
2026-04-13T14:19:36.197608,1,748,18,1280,720,0.4025,egg,702,702.0,Large,80
2026-04-13T14:19:36.229378,0,0,22,820,720,0.7067,egg,820,820.0,Large,80
2026-04-13T14:19:36.229543,1,748,18,1280,720,0.4025,egg,702,702.0,Large,80
2026-04-13T14:19:36.263601,0,0,22,820,720,0.7067,egg,820,820.0,Large,80
2026-04-13T14:19:36.263771,1,748,18,1280,720,0.4025,egg,702,702.0,Large,80
2026-04-13T14:19:36.297318,0,0,22,820,720,0.7067,egg,820,820.0,Large,80
2026-04-13T14:19:36.297523,1,748,18,1280,720,0.4025,egg,702,702.0,Large,80
2026-04-13T14:19:36.329539,0,0,22,820,720,0.7067,egg,820,820.0,Large,80
2026-04-13T14:19:36.329699,1,748,18,1280,720,0.4025,egg,702,702.0,Large,80
2026-04-13T14:19:36.364426,0,0,22,820,720,0.7067,egg,820,820.0,Large,80
2026-04-13T14:19:36.364611,1,748,18,1280,720,0.4025,egg,702,702.0,Large,80
2026-04-13T14:19:36.398399,0,0,22,820,720,0.7067,egg,820,820.0,Large,80
2026-04-13T14:19:36.398567,1,748,18,1280,720,0.4025,egg,702,702.0,Large,80
2026-04-13T14:19:36.433457,0,0,22,820,720,0.7067,egg,820,820.0,Large,80
2026-04-13T14:19:36.433633,1,748,18,1280,720,0.4025,egg,702,702.0,Large,80
2026-04-13T14:19:36.463809,0,0,22,820,720,0.7067,egg,820,820.0,Large,80
2026-04-13T14:19:36.463881,1,748,18,1280,720,0.4025,egg,702,702.0,Large,80
2026-04-13T14:19:36.496661,0,0,22,820,720,0.7067,egg,820,820.0,Large,80
2026-04-13T14:19:36.496801,1,748,18,1280,720,0.4025,egg,702,702.0,Large,80
2026-04-13T14:19:36.532726,0,0,22,820,720,0.7067,egg,820,820.0,Large,80
2026-04-13T14:19:36.532896,1,748,18,1280,720,0.4025,egg,702,702.0,Large,80
2026-04-13T14:19:36.563868,0,0,22,820,720,0.7067,egg,820,820.0,Large,80
2026-04-13T14:19:36.564007,1,748,18,1280,720,0.4025,egg,702,702.0,Large,80
2026-04-13T14:19:36.598134,0,0,22,820,720,0.7067,egg,820,820.0,Large,80
2026-04-13T14:19:36.598294,1,748,18,1280,720,0.4025,egg,702,702.0,Large,80
2026-04-13T14:19:36.630575,0,0,22,820,720,0.7067,egg,820,820.0,Large,80
2026-04-13T14:19:36.630716,1,748,18,1280,720,0.4025,egg,702,702.0,Large,80
2026-04-13T14:19:36.666945,0,0,22,820,720,0.7067,egg,820,820.0,Large,80
2026-04-13T14:19:36.667099,1,748,18,1280,720,0.4025,egg,702,702.0,Large,80
2026-04-13T14:19:36.696627,0,0,22,820,720,0.7067,egg,820,820.0,Large,80
2026-04-13T14:19:36.696740,1,748,18,1280,720,0.4025,egg,702,702.0,Large,80
2026-04-13T14:19:36.731837,0,0,22,820,720,0.7067,egg,820,820.0,Large,80
2026-04-13T14:19:36.731966,1,748,18,1280,720,0.4025,egg,702,702.0,Large,80
2026-04-13T14:19:36.765486,0,0,22,820,720,0.7067,egg,820,820.0,Large,80
2026-04-13T14:19:36.765650,1,748,18,1280,720,0.4025,egg,702,702.0,Large,80
2026-04-13T14:19:36.798706,0,0,22,820,720,0.7067,egg,820,820.0,Large,80
2026-04-13T14:19:36.798874,1,748,18,1280,720,0.4025,egg,702,702.0,Large,80
2026-04-13T14:19:36.830632,0,0,22,820,720,0.7067,egg,820,820.0,Large,80
2026-04-13T14:19:36.830786,1,748,18,1280,720,0.4025,egg,702,702.0,Large,80
2026-04-13T14:19:36.865289,0,0,22,820,720,0.7067,egg,820,820.0,Large,80
2026-04-13T14:19:36.865432,1,748,18,1280,720,0.4025,egg,702,702.0,Large,80
2026-04-13T14:19:36.897614,0,0,22,820,720,0.7067,egg,820,820.0,Large,80
2026-04-13T14:19:36.897696,1,748,18,1280,720,0.4025,egg,702,702.0,Large,80
2026-04-13T14:19:36.930683,0,0,22,820,720,0.7067,egg,820,820.0,Large,80
2026-04-13T14:19:36.930833,1,748,18,1280,720,0.4025,egg,702,702.0,Large,80
2026-04-13T14:19:36.963137,0,0,22,820,720,0.7067,egg,820,820.0,Large,80
2026-04-13T14:19:36.963309,1,748,18,1280,720,0.4025,egg,702,702.0,Large,80
2026-04-13T14:19:36.998933,0,0,22,820,720,0.7067,egg,820,820.0,Large,80
2026-04-13T14:19:36.999005,1,748,18,1280,720,0.4025,egg,702,702.0,Large,80
2026-04-13T14:19:37.030357,0,0,22,820,720,0.7067,egg,820,820.0,Large,80
2026-04-13T14:19:37.030536,1,748,18,1280,720,0.4025,egg,702,702.0,Large,80
2026-04-13T14:19:37.065896,0,0,22,820,720,0.7067,egg,820,820.0,Large,80
2026-04-13T14:19:37.066061,1,748,18,1280,720,0.4025,egg,702,702.0,Large,80
2026-04-13T14:19:37.097833,0,0,22,820,720,0.7067,egg,820,820.0,Large,80
2026-04-13T14:19:37.097986,1,748,18,1280,720,0.4025,egg,702,702.0,Large,80
2026-04-13T14:19:37.132494,0,0,22,820,720,0.7067,egg,820,820.0,Large,80
2026-04-13T14:19:37.132550,1,748,18,1280,720,0.4025,egg,702,702.0,Large,80
2026-04-13T14:19:37.163153,0,0,22,820,720,0.7067,egg,820,820.0,Large,80
2026-04-13T14:19:37.163257,1,748,18,1280,720,0.4025,egg,702,702.0,Large,80
2026-04-13T14:19:37.196339,0,0,22,820,720,0.7067,egg,820,820.0,Large,80
2026-04-13T14:19:37.196516,1,748,18,1280,720,0.4025,egg,702,702.0,Large,80
2026-04-13T14:19:37.231851,0,0,22,820,720,0.7067,egg,820,820.0,Large,80
2026-04-13T14:19:37.232018,1,748,18,1280,720,0.4025,egg,702,702.0,Large,80
2026-04-13T14:19:37.265356,0,0,22,820,720,0.7067,egg,820,820.0,Large,80
2026-04-13T14:19:37.265505,1,748,18,1280,720,0.4025,egg,702,702.0,Large,80
2026-04-13T14:19:37.296901,0,0,22,820,720,0.7067,egg,820,820.0,Large,80
2026-04-13T14:19:37.297055,1,748,18,1280,720,0.4025,egg,702,702.0,Large,80
2026-04-13T14:19:37.331471,0,0,22,820,720,0.7067,egg,820,820.0,Large,80
2026-04-13T14:19:37.331625,1,748,18,1280,720,0.4025,egg,702,702.0,Large,80
2026-04-13T14:19:37.364954,0,0,22,820,720,0.7067,egg,820,820.0,Large,80
2026-04-13T14:19:37.365111,1,748,18,1280,720,0.4025,egg,702,702.0,Large,80
2026-04-13T14:19:37.398629,0,0,22,820,720,0.7067,egg,820,820.0,Large,80
2026-04-13T14:19:37.398769,1,748,18,1280,720,0.4025,egg,702,702.0,Large,80
2026-04-13T14:19:37.432324,0,0,22,820,720,0.7067,egg,820,820.0,Large,80
2026-04-13T14:19:37.432485,1,748,18,1280,720,0.4025,egg,702,702.0,Large,80
2026-04-13T14:19:37.465328,0,0,22,820,720,0.7067,egg,820,820.0,Large,80
2026-04-13T14:19:37.465477,1,748,18,1280,720,0.4025,egg,702,702.0,Large,80
2026-04-13T14:19:37.497773,0,0,22,820,720,0.7067,egg,820,820.0,Large,80
2026-04-13T14:19:37.497917,1,748,18,1280,720,0.4025,egg,702,702.0,Large,80
2026-04-13T14:19:37.530490,0,0,22,820,720,0.7067,egg,820,820.0,Large,80
2026-04-13T14:19:37.530637,1,748,18,1280,720,0.4025,egg,702,702.0,Large,80
2026-04-13T14:19:37.563882,0,0,22,820,720,0.7067,egg,820,820.0,Large,80
2026-04-13T14:19:37.564048,1,748,18,1280,720,0.4025,egg,702,702.0,Large,80
2026-04-13T14:19:37.597677,0,0,22,820,720,0.7067,egg,820,820.0,Large,80
2026-04-13T14:19:37.597754,1,748,18,1280,720,0.4025,egg,702,702.0,Large,80
2026-04-13T14:19:37.629224,0,0,22,820,720,0.7067,egg,820,820.0,Large,80
2026-04-13T14:19:37.629391,1,748,18,1280,720,0.4025,egg,702,702.0,Large,80
2026-04-13T14:19:37.663995,0,0,22,820,720,0.7067,egg,820,820.0,Large,80
2026-04-13T14:19:37.664156,1,748,18,1280,720,0.4025,egg,702,702.0,Large,80
2026-04-13T14:19:37.696562,0,0,22,820,720,0.7067,egg,820,820.0,Large,80
2026-04-13T14:19:37.696641,1,748,18,1280,720,0.4025,egg,702,702.0,Large,80
2026-04-13T14:19:37.731260,0,0,22,820,720,0.7067,egg,820,820.0,Large,80
2026-04-13T14:19:37.731336,1,748,18,1280,720,0.4025,egg,702,702.0,Large,80
2026-04-13T14:19:37.763935,0,0,22,820,720,0.7067,egg,820,820.0,Large,80
2026-04-13T14:19:37.764046,1,748,18,1280,720,0.4025,egg,702,702.0,Large,80
2026-04-13T14:19:37.797841,0,0,22,820,720,0.7067,egg,820,820.0,Large,80
2026-04-13T14:19:37.797985,1,748,18,1280,720,0.4025,egg,702,702.0,Large,80
2026-04-13T14:19:37.831142,0,0,22,820,720,0.7067,egg,820,820.0,Large,80
2026-04-13T14:19:37.831308,1,748,18,1280,720,0.4025,egg,702,702.0,Large,80
2026-04-13T14:19:37.862901,0,0,22,820,720,0.7067,egg,820,820.0,Large,80
2026-04-13T14:19:37.862965,1,748,18,1280,720,0.4025,egg,702,702.0,Large,80
2026-04-13T14:19:37.896977,0,0,22,820,720,0.7067,egg,820,820.0,Large,80
2026-04-13T14:19:37.897123,1,748,18,1280,720,0.4025,egg,702,702.0,Large,80
2026-04-13T14:19:37.932461,0,0,22,820,720,0.7067,egg,820,820.0,Large,80
2026-04-13T14:19:37.932637,1,748,18,1280,720,0.4025,egg,702,702.0,Large,80
2026-04-13T14:19:37.962755,0,0,22,820,720,0.7067,egg,820,820.0,Large,80
2026-04-13T14:19:37.962826,1,748,18,1280,720,0.4025,egg,702,702.0,Large,80
2026-04-13T14:19:37.998155,0,0,22,820,720,0.7067,egg,820,820.0,Large,80
2026-04-13T14:19:37.998297,1,748,18,1280,720,0.4025,egg,702,702.0,Large,80
2026-04-13T14:19:38.028803,1,796,4,1278,710,0.7915,egg,706,706.0,Large,80
2026-04-13T14:19:38.028866,2,2,0,742,582,0.8742,egg,740,740.0,Large,80
2026-04-13T14:19:38.063309,1,796,4,1278,710,0.7915,egg,706,706.0,Large,80
2026-04-13T14:19:38.063410,2,2,0,742,582,0.8742,egg,740,740.0,Large,80
2026-04-13T14:19:38.094209,1,796,4,1278,710,0.7915,egg,706,706.0,Large,80
2026-04-13T14:19:38.094274,2,2,0,742,582,0.8742,egg,740,740.0,Large,80
2026-04-13T14:19:38.127210,1,796,4,1278,710,0.7915,egg,706,706.0,Large,80
2026-04-13T14:19:38.127262,2,2,0,742,582,0.8742,egg,740,740.0,Large,80
2026-04-13T14:19:38.161475,1,796,4,1278,710,0.7915,egg,706,706.0,Large,80
2026-04-13T14:19:38.161541,2,2,0,742,582,0.8742,egg,740,740.0,Large,80
2026-04-13T14:19:38.192875,1,796,4,1278,710,0.7915,egg,706,706.0,Large,80
2026-04-13T14:19:38.192951,2,2,0,742,582,0.8742,egg,740,740.0,Large,80
2026-04-13T14:19:38.228408,1,796,4,1278,710,0.7915,egg,706,706.0,Large,80
2026-04-13T14:19:38.228561,2,2,0,742,582,0.8742,egg,740,740.0,Large,80
2026-04-13T14:19:38.263177,1,796,4,1278,710,0.7915,egg,706,706.0,Large,80
2026-04-13T14:19:38.263366,2,2,0,742,582,0.8742,egg,740,740.0,Large,80
2026-04-13T14:19:38.297824,1,796,4,1278,710,0.7915,egg,706,706.0,Large,80
2026-04-13T14:19:38.297992,2,2,0,742,582,0.8742,egg,740,740.0,Large,80
2026-04-13T14:19:38.330976,1,796,4,1278,710,0.7915,egg,706,706.0,Large,80
2026-04-13T14:19:38.331089,2,2,0,742,582,0.8742,egg,740,740.0,Large,80
2026-04-13T14:19:38.362817,1,796,4,1278,710,0.7915,egg,706,706.0,Large,80
2026-04-13T14:19:38.362956,2,2,0,742,582,0.8742,egg,740,740.0,Large,80
2026-04-13T14:19:38.396944,1,796,4,1278,710,0.7915,egg,706,706.0,Large,80
2026-04-13T14:19:38.397090,2,2,0,742,582,0.8742,egg,740,740.0,Large,80
2026-04-13T14:19:38.429215,1,796,4,1278,710,0.7915,egg,706,706.0,Large,80
2026-04-13T14:19:38.429370,2,2,0,742,582,0.8742,egg,740,740.0,Large,80
2026-04-13T14:19:38.463688,1,796,4,1278,710,0.7915,egg,706,706.0,Large,80
2026-04-13T14:19:38.463843,2,2,0,742,582,0.8742,egg,740,740.0,Large,80
2026-04-13T14:19:38.496839,1,796,4,1278,710,0.7915,egg,706,706.0,Large,80
2026-04-13T14:19:38.497003,2,2,0,742,582,0.8742,egg,740,740.0,Large,80
2026-04-13T14:19:38.533226,1,796,4,1278,710,0.7915,egg,706,706.0,Large,80
2026-04-13T14:19:38.533413,2,2,0,742,582,0.8742,egg,740,740.0,Large,80
2026-04-13T14:19:38.562478,1,796,4,1278,710,0.7915,egg,706,706.0,Large,80
2026-04-13T14:19:38.562553,2,2,0,742,582,0.8742,egg,740,740.0,Large,80
2026-04-13T14:19:38.597078,1,796,4,1278,710,0.7915,egg,706,706.0,Large,80
2026-04-13T14:19:38.597216,2,2,0,742,582,0.8742,egg,740,740.0,Large,80
2026-04-13T14:19:38.630367,1,796,4,1278,710,0.7915,egg,706,706.0,Large,80
2026-04-13T14:19:38.630531,2,2,0,742,582,0.8742,egg,740,740.0,Large,80
2026-04-13T14:19:38.662632,1,796,4,1278,710,0.7915,egg,706,706.0,Large,80
2026-04-13T14:19:38.662705,2,2,0,742,582,0.8742,egg,740,740.0,Large,80
2026-04-13T14:19:38.693244,1,796,4,1278,710,0.7915,egg,706,706.0,Large,80
2026-04-13T14:19:38.693297,2,2,0,742,582,0.8742,egg,740,740.0,Large,80
2026-04-13T14:19:38.726831,1,796,4,1278,710,0.7915,egg,706,706.0,Large,80
2026-04-13T14:19:38.726903,2,2,0,742,582,0.8742,egg,740,740.0,Large,80
2026-04-13T14:19:38.760053,1,796,4,1278,710,0.7915,egg,706,706.0,Large,80
2026-04-13T14:19:38.760118,2,2,0,742,582,0.8742,egg,740,740.0,Large,80
2026-04-13T14:19:38.793457,1,796,4,1278,710,0.7915,egg,706,706.0,Large,80
2026-04-13T14:19:38.793524,2,2,0,742,582,0.8742,egg,740,740.0,Large,80
2026-04-13T14:19:38.826539,1,796,4,1278,710,0.7915,egg,706,706.0,Large,80
2026-04-13T14:19:38.826602,2,2,0,742,582,0.8742,egg,740,740.0,Large,80
2026-04-13T14:19:38.862055,1,796,4,1278,710,0.7915,egg,706,706.0,Large,80
2026-04-13T14:19:38.862128,2,2,0,742,582,0.8742,egg,740,740.0,Large,80
2026-04-13T14:19:38.894664,1,796,4,1278,710,0.7915,egg,706,706.0,Large,80
2026-04-13T14:19:38.894721,2,2,0,742,582,0.8742,egg,740,740.0,Large,80
2026-04-13T14:19:38.927446,1,796,4,1278,710,0.7915,egg,706,706.0,Large,80
2026-04-13T14:19:38.927505,2,2,0,742,582,0.8742,egg,740,740.0,Large,80
2026-04-13T14:19:38.960550,1,796,4,1278,710,0.7915,egg,706,706.0,Large,80
2026-04-13T14:19:38.960614,2,2,0,742,582,0.8742,egg,740,740.0,Large,80
2026-04-13T14:19:38.994209,1,796,4,1278,710,0.7915,egg,706,706.0,Large,80
2026-04-13T14:19:38.994267,2,2,0,742,582,0.8742,egg,740,740.0,Large,80
2026-04-13T14:19:39.027616,1,796,4,1278,710,0.7915,egg,706,706.0,Large,80
2026-04-13T14:19:39.027685,2,2,0,742,582,0.8742,egg,740,740.0,Large,80
2026-04-13T14:19:39.061425,1,796,4,1278,710,0.7915,egg,706,706.0,Large,80
2026-04-13T14:19:39.061482,2,2,0,742,582,0.8742,egg,740,740.0,Large,80
2026-04-13T14:19:39.094625,1,796,4,1278,710,0.7915,egg,706,706.0,Large,80
2026-04-13T14:19:39.094695,2,2,0,742,582,0.8742,egg,740,740.0,Large,80
2026-04-13T14:19:39.127562,1,796,4,1278,710,0.7915,egg,706,706.0,Large,80
2026-04-13T14:19:39.127627,2,2,0,742,582,0.8742,egg,740,740.0,Large,80
2026-04-13T14:19:39.160381,1,796,4,1278,710,0.7915,egg,706,706.0,Large,80
2026-04-13T14:19:39.160452,2,2,0,742,582,0.8742,egg,740,740.0,Large,80
2026-04-13T14:19:39.194722,1,796,4,1278,710,0.7915,egg,706,706.0,Large,80
2026-04-13T14:19:39.194875,2,2,0,742,582,0.8742,egg,740,740.0,Large,80
2026-04-13T14:19:39.228677,1,796,4,1278,710,0.7915,egg,706,706.0,Large,80
2026-04-13T14:19:39.228869,2,2,0,742,582,0.8742,egg,740,740.0,Large,80
2026-04-13T14:19:39.262574,1,796,4,1278,710,0.7915,egg,706,706.0,Large,80
2026-04-13T14:19:39.262732,2,2,0,742,582,0.8742,egg,740,740.0,Large,80
2026-04-13T14:19:39.294654,1,796,4,1278,710,0.7915,egg,706,706.0,Large,80
2026-04-13T14:19:39.294820,2,2,0,742,582,0.8742,egg,740,740.0,Large,80
2026-04-13T14:19:39.330151,1,796,4,1278,710,0.7915,egg,706,706.0,Large,80
2026-04-13T14:19:39.330228,2,2,0,742,582,0.8742,egg,740,740.0,Large,80
2026-04-13T14:19:39.362227,1,796,4,1278,710,0.7915,egg,706,706.0,Large,80
2026-04-13T14:19:39.362421,2,2,0,742,582,0.8742,egg,740,740.0,Large,80
2026-04-13T14:19:39.396928,1,796,4,1278,710,0.7915,egg,706,706.0,Large,80
2026-04-13T14:19:39.397081,2,2,0,742,582,0.8742,egg,740,740.0,Large,80
2026-04-13T14:19:39.429081,1,796,4,1278,710,0.7915,egg,706,706.0,Large,80
2026-04-13T14:19:39.429220,2,2,0,742,582,0.8742,egg,740,740.0,Large,80
2026-04-13T14:19:39.464932,1,796,4,1278,710,0.7915,egg,706,706.0,Large,80
2026-04-13T14:19:39.465047,2,2,0,742,582,0.8742,egg,740,740.0,Large,80
2026-04-13T14:19:39.494447,1,796,4,1278,710,0.7915,egg,706,706.0,Large,80
2026-04-13T14:19:39.494523,2,2,0,742,582,0.8742,egg,740,740.0,Large,80
2026-04-13T14:19:39.529208,1,796,4,1278,710,0.7915,egg,706,706.0,Large,80
2026-04-13T14:19:39.529352,2,2,0,742,582,0.8742,egg,740,740.0,Large,80
2026-04-13T14:19:39.562631,1,796,4,1278,710,0.7915,egg,706,706.0,Large,80
2026-04-13T14:19:39.562687,2,2,0,742,582,0.8742,egg,740,740.0,Large,80
2026-04-13T14:19:39.595069,1,796,4,1278,710,0.7915,egg,706,706.0,Large,80
2026-04-13T14:19:39.595225,2,2,0,742,582,0.8742,egg,740,740.0,Large,80
2026-04-13T14:19:39.627293,1,796,4,1278,710,0.7915,egg,706,706.0,Large,80
2026-04-13T14:19:39.627439,2,2,0,742,582,0.8742,egg,740,740.0,Large,80
2026-04-13T14:19:39.664141,1,796,4,1278,710,0.7915,egg,706,706.0,Large,80
2026-04-13T14:19:39.664285,2,2,0,742,582,0.8742,egg,740,740.0,Large,80
2026-04-13T14:19:39.699242,1,796,4,1278,710,0.7915,egg,706,706.0,Large,80
2026-04-13T14:19:39.699433,2,2,0,742,582,0.8742,egg,740,740.0,Large,80
2026-04-13T14:19:39.729862,1,796,4,1278,710,0.7915,egg,706,706.0,Large,80
2026-04-13T14:19:39.730005,2,2,0,742,582,0.8742,egg,740,740.0,Large,80
2026-04-13T14:19:39.762124,1,796,4,1278,710,0.7915,egg,706,706.0,Large,80
2026-04-13T14:19:39.762267,2,2,0,742,582,0.8742,egg,740,740.0,Large,80
2026-04-13T14:19:39.797933,1,796,4,1278,710,0.7915,egg,706,706.0,Large,80
2026-04-13T14:19:39.798092,2,2,0,742,582,0.8742,egg,740,740.0,Large,80
2026-04-13T14:19:39.827263,1,796,4,1278,710,0.7915,egg,706,706.0,Large,80
2026-04-13T14:19:39.827448,2,2,0,742,582,0.8742,egg,740,740.0,Large,80
2026-04-13T14:19:39.864571,1,796,4,1278,710,0.7915,egg,706,706.0,Large,80
2026-04-13T14:19:39.864748,2,2,0,742,582,0.8742,egg,740,740.0,Large,80
2026-04-13T14:19:39.895368,1,796,4,1278,710,0.7915,egg,706,706.0,Large,80
2026-04-13T14:19:39.895437,2,2,0,742,582,0.8742,egg,740,740.0,Large,80
2026-04-13T14:19:39.930334,1,796,4,1278,710,0.7915,egg,706,706.0,Large,80
2026-04-13T14:19:39.930462,2,2,0,742,582,0.8742,egg,740,740.0,Large,80
2026-04-13T14:19:39.960895,1,796,4,1278,710,0.7915,egg,706,706.0,Large,80
2026-04-13T14:19:39.960964,2,2,0,742,582,0.8742,egg,740,740.0,Large,80
2026-04-13T14:19:39.995011,3,890,0,1280,668,0.665,egg,668,668.0,Large,80
2026-04-13T14:19:40.027059,3,890,0,1280,668,0.665,egg,668,668.0,Large,80
2026-04-13T14:19:40.060160,3,890,0,1280,668,0.665,egg,668,668.0,Large,80
2026-04-13T14:19:40.093656,3,890,0,1280,668,0.665,egg,668,668.0,Large,80
2026-04-13T14:19:40.126754,3,890,0,1280,668,0.665,egg,668,668.0,Large,80
2026-04-13T14:19:40.161109,3,890,0,1280,668,0.665,egg,668,668.0,Large,80
2026-04-13T14:19:40.193310,3,890,0,1280,668,0.665,egg,668,668.0,Large,80
2026-04-13T14:19:40.228369,3,890,0,1280,668,0.665,egg,668,668.0,Large,80
2026-04-13T14:19:40.263383,3,890,0,1280,668,0.665,egg,668,668.0,Large,80
2026-04-13T14:19:40.295343,3,890,0,1280,668,0.665,egg,668,668.0,Large,80
2026-04-13T14:19:40.328691,3,890,0,1280,668,0.665,egg,668,668.0,Large,80
2026-04-13T14:19:40.361715,3,890,0,1280,668,0.665,egg,668,668.0,Large,80
2026-04-13T14:19:40.398019,3,890,0,1280,668,0.665,egg,668,668.0,Large,80
2026-04-13T14:19:40.426879,3,890,0,1280,668,0.665,egg,668,668.0,Large,80
2026-04-13T14:19:40.461145,3,890,0,1280,668,0.665,egg,668,668.0,Large,80
2026-04-13T14:19:40.496270,3,890,0,1280,668,0.665,egg,668,668.0,Large,80
2026-04-13T14:19:40.528887,3,890,0,1280,668,0.665,egg,668,668.0,Large,80
2026-04-13T14:19:40.561821,3,890,0,1280,668,0.665,egg,668,668.0,Large,80
2026-04-13T14:19:40.596599,3,890,0,1280,668,0.665,egg,668,668.0,Large,80
2026-04-13T14:19:40.630422,3,890,0,1280,668,0.665,egg,668,668.0,Large,80
2026-04-13T14:19:40.662866,3,890,0,1280,668,0.665,egg,668,668.0,Large,80
2026-04-13T14:19:40.695564,3,890,0,1280,668,0.665,egg,668,668.0,Large,80
2026-04-13T14:19:40.731424,3,890,0,1280,668,0.665,egg,668,668.0,Large,80
2026-04-13T14:19:40.761873,3,890,0,1280,668,0.665,egg,668,668.0,Large,80
2026-04-13T14:19:40.796517,3,890,0,1280,668,0.665,egg,668,668.0,Large,80
2026-04-13T14:19:40.828830,3,890,0,1280,668,0.665,egg,668,668.0,Large,80
2026-04-13T14:19:40.864571,3,890,0,1280,668,0.665,egg,668,668.0,Large,80
2026-04-13T14:19:40.893377,3,890,0,1280,668,0.665,egg,668,668.0,Large,80
2026-04-13T14:19:40.928942,3,890,0,1280,668,0.665,egg,668,668.0,Large,80
2026-04-13T14:19:40.959871,3,890,0,1280,668,0.665,egg,668,668.0,Large,80
2026-04-13T14:19:40.996555,3,890,0,1280,668,0.665,egg,668,668.0,Large,80
2026-04-13T14:19:41.028471,3,890,0,1280,668,0.665,egg,668,668.0,Large,80
2026-04-13T14:19:41.062610,3,890,0,1280,668,0.665,egg,668,668.0,Large,80
2026-04-13T14:19:41.096314,3,890,0,1280,668,0.665,egg,668,668.0,Large,80
2026-04-13T14:19:41.129601,3,890,0,1280,668,0.665,egg,668,668.0,Large,80
2026-04-13T14:19:41.162206,3,890,0,1280,668,0.665,egg,668,668.0,Large,80
2026-04-13T14:19:41.197025,3,890,0,1280,668,0.665,egg,668,668.0,Large,80
2026-04-13T14:19:41.228439,3,890,0,1280,668,0.665,egg,668,668.0,Large,80
2026-04-13T14:19:41.262851,3,890,0,1280,668,0.665,egg,668,668.0,Large,80
2026-04-13T14:19:41.295285,3,890,0,1280,668,0.665,egg,668,668.0,Large,80
2026-04-13T14:19:41.330057,3,890,0,1280,668,0.665,egg,668,668.0,Large,80
2026-04-13T14:19:41.361427,3,890,0,1280,668,0.665,egg,668,668.0,Large,80
2026-04-13T14:19:41.393723,3,882,0,1280,680,0.8365,egg,680,680.0,Large,80
2026-04-13T14:19:41.393786,4,0,0,1064,704,0.8171,egg,1064,1064.0,Large,80
2026-04-13T14:19:41.426756,3,882,0,1280,680,0.8365,egg,680,680.0,Large,80
2026-04-13T14:19:41.426848,4,0,0,1064,704,0.8171,egg,1064,1064.0,Large,80
2026-04-13T14:19:41.458677,3,882,0,1280,680,0.8365,egg,680,680.0,Large,80
2026-04-13T14:19:41.458766,4,0,0,1064,704,0.8171,egg,1064,1064.0,Large,80
2026-04-13T14:19:41.493041,3,882,0,1280,680,0.8365,egg,680,680.0,Large,80
2026-04-13T14:19:41.493121,4,0,0,1064,704,0.8171,egg,1064,1064.0,Large,80
2026-04-13T14:19:41.527436,3,882,0,1280,680,0.8365,egg,680,680.0,Large,80
2026-04-13T14:19:41.527491,4,0,0,1064,704,0.8171,egg,1064,1064.0,Large,80
2026-04-13T14:19:41.560605,3,882,0,1280,680,0.8365,egg,680,680.0,Large,80
2026-04-13T14:19:41.560658,4,0,0,1064,704,0.8171,egg,1064,1064.0,Large,80
2026-04-13T14:19:41.594655,3,882,0,1280,680,0.8365,egg,680,680.0,Large,80
2026-04-13T14:19:41.594802,4,0,0,1064,704,0.8171,egg,1064,1064.0,Large,80
2026-04-13T14:19:41.627045,3,882,0,1280,680,0.8365,egg,680,680.0,Large,80
2026-04-13T14:19:41.627216,4,0,0,1064,704,0.8171,egg,1064,1064.0,Large,80
2026-04-13T14:19:41.665006,3,882,0,1280,680,0.8365,egg,680,680.0,Large,80
2026-04-13T14:19:41.665156,4,0,0,1064,704,0.8171,egg,1064,1064.0,Large,80
2026-04-13T14:19:41.694410,3,882,0,1280,680,0.8365,egg,680,680.0,Large,80
2026-04-13T14:19:41.694538,4,0,0,1064,704,0.8171,egg,1064,1064.0,Large,80
2026-04-13T14:19:41.729326,3,882,0,1280,680,0.8365,egg,680,680.0,Large,80
2026-04-13T14:19:41.729480,4,0,0,1064,704,0.8171,egg,1064,1064.0,Large,80
2026-04-13T14:19:41.765003,3,882,0,1280,680,0.8365,egg,680,680.0,Large,80
2026-04-13T14:19:41.765196,4,0,0,1064,704,0.8171,egg,1064,1064.0,Large,80
2026-04-13T14:19:41.797526,3,882,0,1280,680,0.8365,egg,680,680.0,Large,80
2026-04-13T14:19:41.797703,4,0,0,1064,704,0.8171,egg,1064,1064.0,Large,80
2026-04-13T14:19:41.827332,3,882,0,1280,680,0.8365,egg,680,680.0,Large,80
2026-04-13T14:19:41.827408,4,0,0,1064,704,0.8171,egg,1064,1064.0,Large,80
2026-04-13T14:19:41.862209,3,882,0,1280,680,0.8365,egg,680,680.0,Large,80
2026-04-13T14:19:41.862390,4,0,0,1064,704,0.8171,egg,1064,1064.0,Large,80
2026-04-13T14:19:41.896594,3,882,0,1280,680,0.8365,egg,680,680.0,Large,80
2026-04-13T14:19:41.896778,4,0,0,1064,704,0.8171,egg,1064,1064.0,Large,80
2026-04-13T14:19:41.928752,3,882,0,1280,680,0.8365,egg,680,680.0,Large,80
2026-04-13T14:19:41.928924,4,0,0,1064,704,0.8171,egg,1064,1064.0,Large,80
2026-04-13T14:19:41.960684,3,882,0,1280,680,0.8365,egg,680,680.0,Large,80
2026-04-13T14:19:41.960827,4,0,0,1064,704,0.8171,egg,1064,1064.0,Large,80
2026-04-13T14:19:41.995981,3,882,0,1280,680,0.8365,egg,680,680.0,Large,80
2026-04-13T14:19:41.996145,4,0,0,1064,704,0.8171,egg,1064,1064.0,Large,80
2026-04-13T14:19:42.028519,3,882,0,1280,680,0.8365,egg,680,680.0,Large,80
2026-04-13T14:19:42.028733,4,0,0,1064,704,0.8171,egg,1064,1064.0,Large,80
2026-04-13T14:19:42.062211,3,882,0,1280,680,0.8365,egg,680,680.0,Large,80
2026-04-13T14:19:42.062369,4,0,0,1064,704,0.8171,egg,1064,1064.0,Large,80
2026-04-13T14:19:42.094981,3,882,0,1280,680,0.8365,egg,680,680.0,Large,80
2026-04-13T14:19:42.095145,4,0,0,1064,704,0.8171,egg,1064,1064.0,Large,80
2026-04-13T14:19:42.130452,3,882,0,1280,680,0.8365,egg,680,680.0,Large,80
2026-04-13T14:19:42.130524,4,0,0,1064,704,0.8171,egg,1064,1064.0,Large,80
2026-04-13T14:19:42.161252,3,882,0,1280,680,0.8365,egg,680,680.0,Large,80
2026-04-13T14:19:42.161399,4,0,0,1064,704,0.8171,egg,1064,1064.0,Large,80
2026-04-13T14:19:42.194898,3,882,0,1280,680,0.8365,egg,680,680.0,Large,80
2026-04-13T14:19:42.195050,4,0,0,1064,704,0.8171,egg,1064,1064.0,Large,80
2026-04-13T14:19:42.227799,3,882,0,1280,680,0.8365,egg,680,680.0,Large,80
2026-04-13T14:19:42.227953,4,0,0,1064,704,0.8171,egg,1064,1064.0,Large,80
2026-04-13T14:19:42.262632,3,882,0,1280,680,0.8365,egg,680,680.0,Large,80
2026-04-13T14:19:42.262709,4,0,0,1064,704,0.8171,egg,1064,1064.0,Large,80
2026-04-13T14:19:42.294797,3,882,0,1280,680,0.8365,egg,680,680.0,Large,80
2026-04-13T14:19:42.294947,4,0,0,1064,704,0.8171,egg,1064,1064.0,Large,80
2026-04-13T14:19:42.327207,3,882,0,1280,680,0.8365,egg,680,680.0,Large,80
2026-04-13T14:19:42.327299,4,0,0,1064,704,0.8171,egg,1064,1064.0,Large,80
2026-04-13T14:19:42.359954,3,882,0,1280,680,0.8365,egg,680,680.0,Large,80
2026-04-13T14:19:42.360023,4,0,0,1064,704,0.8171,egg,1064,1064.0,Large,80
2026-04-13T14:19:42.393615,3,882,0,1280,680,0.8365,egg,680,680.0,Large,80
2026-04-13T14:19:42.393773,4,0,0,1064,704,0.8171,egg,1064,1064.0,Large,80
2026-04-13T14:19:42.426847,3,882,0,1280,680,0.8365,egg,680,680.0,Large,80
2026-04-13T14:19:42.427011,4,0,0,1064,704,0.8171,egg,1064,1064.0,Large,80
2026-04-13T14:19:42.461182,3,882,0,1280,680,0.8365,egg,680,680.0,Large,80
2026-04-13T14:19:42.461343,4,0,0,1064,704,0.8171,egg,1064,1064.0,Large,80
2026-04-13T14:19:42.494547,3,882,0,1280,680,0.8365,egg,680,680.0,Large,80
2026-04-13T14:19:42.494707,4,0,0,1064,704,0.8171,egg,1064,1064.0,Large,80
2026-04-13T14:19:42.526823,3,882,0,1280,680,0.8365,egg,680,680.0,Large,80
2026-04-13T14:19:42.526895,4,0,0,1064,704,0.8171,egg,1064,1064.0,Large,80
2026-04-13T14:19:42.560704,3,882,0,1280,680,0.8365,egg,680,680.0,Large,80
2026-04-13T14:19:42.560847,4,0,0,1064,704,0.8171,egg,1064,1064.0,Large,80
2026-04-13T14:19:42.594360,3,882,0,1280,680,0.8365,egg,680,680.0,Large,80
2026-04-13T14:19:42.594567,4,0,0,1064,704,0.8171,egg,1064,1064.0,Large,80
2026-04-13T14:19:42.627213,3,882,0,1280,680,0.8365,egg,680,680.0,Large,80
2026-04-13T14:19:42.627368,4,0,0,1064,704,0.8171,egg,1064,1064.0,Large,80
2026-04-13T14:19:42.661456,3,882,0,1280,680,0.8365,egg,680,680.0,Large,80
2026-04-13T14:19:42.661608,4,0,0,1064,704,0.8171,egg,1064,1064.0,Large,80
2026-04-13T14:19:42.694373,3,882,0,1280,680,0.8365,egg,680,680.0,Large,80
2026-04-13T14:19:42.694506,4,0,0,1064,704,0.8171,egg,1064,1064.0,Large,80
2026-04-13T14:19:42.730110,3,882,0,1280,680,0.8365,egg,680,680.0,Large,80
2026-04-13T14:19:42.730250,4,0,0,1064,704,0.8171,egg,1064,1064.0,Large,80
2026-04-13T14:19:42.759494,3,882,0,1280,680,0.8365,egg,680,680.0,Large,80
2026-04-13T14:19:42.759564,4,0,0,1064,704,0.8171,egg,1064,1064.0,Large,80
2026-04-13T14:19:42.795835,3,882,0,1280,680,0.8365,egg,680,680.0,Large,80
2026-04-13T14:19:42.795993,4,0,0,1064,704,0.8171,egg,1064,1064.0,Large,80
2026-04-13T14:19:42.830210,3,882,0,1280,680,0.8365,egg,680,680.0,Large,80
2026-04-13T14:19:42.830382,4,0,0,1064,704,0.8171,egg,1064,1064.0,Large,80
2026-04-13T14:19:42.861108,3,882,0,1280,680,0.8365,egg,680,680.0,Large,80
2026-04-13T14:19:42.861263,4,0,0,1064,704,0.8171,egg,1064,1064.0,Large,80
2026-04-13T14:19:42.894687,3,882,0,1280,680,0.8365,egg,680,680.0,Large,80
2026-04-13T14:19:42.894843,4,0,0,1064,704,0.8171,egg,1064,1064.0,Large,80
2026-04-13T14:19:42.928891,3,882,0,1280,680,0.8365,egg,680,680.0,Large,80
2026-04-13T14:19:42.929085,4,0,0,1064,704,0.8171,egg,1064,1064.0,Large,80
2026-04-13T14:19:42.965722,3,882,0,1280,680,0.8365,egg,680,680.0,Large,80
2026-04-13T14:19:42.965872,4,0,0,1064,704,0.8171,egg,1064,1064.0,Large,80
2026-04-13T14:19:42.993787,3,882,0,1280,680,0.8365,egg,680,680.0,Large,80
2026-04-13T14:19:42.993854,4,0,0,1064,704,0.8171,egg,1064,1064.0,Large,80
2026-04-13T14:19:43.026897,3,882,0,1280,680,0.8365,egg,680,680.0,Large,80
2026-04-13T14:19:43.027040,4,0,0,1064,704,0.8171,egg,1064,1064.0,Large,80
2026-04-13T14:19:43.061748,3,882,0,1280,680,0.8365,egg,680,680.0,Large,80
2026-04-13T14:19:43.061808,4,0,0,1064,704,0.8171,egg,1064,1064.0,Large,80
2026-04-13T14:19:43.093781,3,882,0,1280,680,0.8365,egg,680,680.0,Large,80
2026-04-13T14:19:43.093935,4,0,0,1064,704,0.8171,egg,1064,1064.0,Large,80
2026-04-13T14:19:43.126719,3,882,0,1280,680,0.8365,egg,680,680.0,Large,80
2026-04-13T14:19:43.126884,4,0,0,1064,704,0.8171,egg,1064,1064.0,Large,80
2026-04-13T14:19:43.160721,3,882,0,1280,680,0.8365,egg,680,680.0,Large,80
2026-04-13T14:19:43.160883,4,0,0,1064,704,0.8171,egg,1064,1064.0,Large,80
2026-04-13T14:19:43.196259,3,882,0,1280,680,0.8365,egg,680,680.0,Large,80
2026-04-13T14:19:43.196412,4,0,0,1064,704,0.8171,egg,1064,1064.0,Large,80
2026-04-13T14:19:43.227640,3,882,0,1280,680,0.8365,egg,680,680.0,Large,80
2026-04-13T14:19:43.227788,4,0,0,1064,704,0.8171,egg,1064,1064.0,Large,80
2026-04-13T14:19:43.260253,3,882,0,1280,680,0.8365,egg,680,680.0,Large,80
2026-04-13T14:19:43.260392,4,0,0,1064,704,0.8171,egg,1064,1064.0,Large,80
2026-04-13T14:19:43.293572,5,254,16,1280,720,0.6985,egg,1026,1026.0,Large,80
2026-04-13T14:19:43.293635,6,0,2,1208,714,0.4329,egg,1208,1208.0,Large,80
2026-04-13T14:19:43.324878,5,254,16,1280,720,0.6985,egg,1026,1026.0,Large,80
2026-04-13T14:19:43.324937,6,0,2,1208,714,0.4329,egg,1208,1208.0,Large,80
2026-04-13T14:19:43.358472,5,254,16,1280,720,0.6985,egg,1026,1026.0,Large,80
2026-04-13T14:19:43.358543,6,0,2,1208,714,0.4329,egg,1208,1208.0,Large,80
2026-04-13T14:19:43.392458,5,254,16,1280,720,0.6985,egg,1026,1026.0,Large,80
2026-04-13T14:19:43.392535,6,0,2,1208,714,0.4329,egg,1208,1208.0,Large,80
2026-04-13T14:19:43.426132,5,254,16,1280,720,0.6985,egg,1026,1026.0,Large,80
2026-04-13T14:19:43.426183,6,0,2,1208,714,0.4329,egg,1208,1208.0,Large,80
2026-04-13T14:19:43.459230,5,254,16,1280,720,0.6985,egg,1026,1026.0,Large,80
2026-04-13T14:19:43.459314,6,0,2,1208,714,0.4329,egg,1208,1208.0,Large,80
2026-04-13T14:19:43.492538,5,254,16,1280,720,0.6985,egg,1026,1026.0,Large,80
2026-04-13T14:19:43.492685,6,0,2,1208,714,0.4329,egg,1208,1208.0,Large,80
2026-04-13T14:19:43.527823,5,254,16,1280,720,0.6985,egg,1026,1026.0,Large,80
2026-04-13T14:19:43.527985,6,0,2,1208,714,0.4329,egg,1208,1208.0,Large,80
2026-04-13T14:19:43.559124,5,254,16,1280,720,0.6985,egg,1026,1026.0,Large,80
2026-04-13T14:19:43.559281,6,0,2,1208,714,0.4329,egg,1208,1208.0,Large,80
2026-04-13T14:19:43.594462,5,254,16,1280,720,0.6985,egg,1026,1026.0,Large,80
2026-04-13T14:19:43.594621,6,0,2,1208,714,0.4329,egg,1208,1208.0,Large,80
2026-04-13T14:19:43.627138,5,254,16,1280,720,0.6985,egg,1026,1026.0,Large,80
2026-04-13T14:19:43.627292,6,0,2,1208,714,0.4329,egg,1208,1208.0,Large,80
2026-04-13T14:19:43.662427,5,254,16,1280,720,0.6985,egg,1026,1026.0,Large,80
2026-04-13T14:19:43.662567,6,0,2,1208,714,0.4329,egg,1208,1208.0,Large,80
2026-04-13T14:19:43.694446,5,254,16,1280,720,0.6985,egg,1026,1026.0,Large,80
2026-04-13T14:19:43.694594,6,0,2,1208,714,0.4329,egg,1208,1208.0,Large,80
2026-04-13T14:19:43.728093,5,254,16,1280,720,0.6985,egg,1026,1026.0,Large,80
2026-04-13T14:19:43.728254,6,0,2,1208,714,0.4329,egg,1208,1208.0,Large,80
2026-04-13T14:19:43.763020,5,254,16,1280,720,0.6985,egg,1026,1026.0,Large,80
2026-04-13T14:19:43.763188,6,0,2,1208,714,0.4329,egg,1208,1208.0,Large,80
2026-04-13T14:19:43.794023,5,254,16,1280,720,0.6985,egg,1026,1026.0,Large,80
2026-04-13T14:19:43.794094,6,0,2,1208,714,0.4329,egg,1208,1208.0,Large,80
2026-04-13T14:19:43.827746,5,254,16,1280,720,0.6985,egg,1026,1026.0,Large,80
2026-04-13T14:19:43.827925,6,0,2,1208,714,0.4329,egg,1208,1208.0,Large,80
2026-04-13T14:19:43.862060,5,254,16,1280,720,0.6985,egg,1026,1026.0,Large,80
2026-04-13T14:19:43.862196,6,0,2,1208,714,0.4329,egg,1208,1208.0,Large,80
2026-04-13T14:19:43.894915,5,254,16,1280,720,0.6985,egg,1026,1026.0,Large,80
2026-04-13T14:19:43.894993,6,0,2,1208,714,0.4329,egg,1208,1208.0,Large,80
2026-04-13T14:19:43.927122,5,254,16,1280,720,0.6985,egg,1026,1026.0,Large,80
2026-04-13T14:19:43.927285,6,0,2,1208,714,0.4329,egg,1208,1208.0,Large,80
2026-04-13T14:19:43.959966,5,254,16,1280,720,0.6985,egg,1026,1026.0,Large,80
2026-04-13T14:19:43.960124,6,0,2,1208,714,0.4329,egg,1208,1208.0,Large,80
2026-04-13T14:19:43.996494,5,254,16,1280,720,0.6985,egg,1026,1026.0,Large,80
2026-04-13T14:19:43.996628,6,0,2,1208,714,0.4329,egg,1208,1208.0,Large,80
2026-04-13T14:19:44.025818,5,254,16,1280,720,0.6985,egg,1026,1026.0,Large,80
2026-04-13T14:19:44.025888,6,0,2,1208,714,0.4329,egg,1208,1208.0,Large,80
2026-04-13T14:19:44.061157,5,254,16,1280,720,0.6985,egg,1026,1026.0,Large,80
2026-04-13T14:19:44.061304,6,0,2,1208,714,0.4329,egg,1208,1208.0,Large,80
2026-04-13T14:19:44.092505,5,254,16,1280,720,0.6985,egg,1026,1026.0,Large,80
2026-04-13T14:19:44.092654,6,0,2,1208,714,0.4329,egg,1208,1208.0,Large,80
2026-04-13T14:19:44.128817,5,254,16,1280,720,0.6985,egg,1026,1026.0,Large,80
2026-04-13T14:19:44.128972,6,0,2,1208,714,0.4329,egg,1208,1208.0,Large,80
2026-04-13T14:19:44.159999,5,254,16,1280,720,0.6985,egg,1026,1026.0,Large,80
2026-04-13T14:19:44.160066,6,0,2,1208,714,0.4329,egg,1208,1208.0,Large,80
2026-04-13T14:19:44.194648,5,254,16,1280,720,0.6985,egg,1026,1026.0,Large,80
2026-04-13T14:19:44.194761,6,0,2,1208,714,0.4329,egg,1208,1208.0,Large,80
2026-04-13T14:19:44.226241,5,254,16,1280,720,0.6985,egg,1026,1026.0,Large,80
2026-04-13T14:19:44.226306,6,0,2,1208,714,0.4329,egg,1208,1208.0,Large,80
2026-04-13T14:19:44.261349,5,254,16,1280,720,0.6985,egg,1026,1026.0,Large,80
2026-04-13T14:19:44.261499,6,0,2,1208,714,0.4329,egg,1208,1208.0,Large,80
2026-04-13T14:19:44.293648,5,254,16,1280,720,0.6985,egg,1026,1026.0,Large,80
2026-04-13T14:19:44.293802,6,0,2,1208,714,0.4329,egg,1208,1208.0,Large,80
2026-04-13T14:19:44.327561,5,254,16,1280,720,0.6985,egg,1026,1026.0,Large,80
2026-04-13T14:19:44.327711,6,0,2,1208,714,0.4329,egg,1208,1208.0,Large,80
2026-04-13T14:19:44.359778,5,254,16,1280,720,0.6985,egg,1026,1026.0,Large,80
2026-04-13T14:19:44.359925,6,0,2,1208,714,0.4329,egg,1208,1208.0,Large,80
2026-04-13T14:19:44.392853,5,254,16,1280,720,0.6985,egg,1026,1026.0,Large,80
2026-04-13T14:19:44.392963,6,0,2,1208,714,0.4329,egg,1208,1208.0,Large,80
2026-04-13T14:19:44.426627,5,254,16,1280,720,0.6985,egg,1026,1026.0,Large,80
2026-04-13T14:19:44.426809,6,0,2,1208,714,0.4329,egg,1208,1208.0,Large,80
2026-04-13T14:19:44.462471,5,254,16,1280,720,0.6985,egg,1026,1026.0,Large,80
2026-04-13T14:19:44.462632,6,0,2,1208,714,0.4329,egg,1208,1208.0,Large,80
2026-04-13T14:19:44.493883,5,254,16,1280,720,0.6985,egg,1026,1026.0,Large,80
2026-04-13T14:19:44.494045,6,0,2,1208,714,0.4329,egg,1208,1208.0,Large,80
2026-04-13T14:19:44.527679,5,254,16,1280,720,0.6985,egg,1026,1026.0,Large,80
2026-04-13T14:19:44.527828,6,0,2,1208,714,0.4329,egg,1208,1208.0,Large,80
2026-04-13T14:19:44.560167,5,254,16,1280,720,0.6985,egg,1026,1026.0,Large,80
2026-04-13T14:19:44.560308,6,0,2,1208,714,0.4329,egg,1208,1208.0,Large,80
2026-04-13T14:19:44.595222,5,254,16,1280,720,0.6985,egg,1026,1026.0,Large,80
2026-04-13T14:19:44.595360,6,0,2,1208,714,0.4329,egg,1208,1208.0,Large,80
2026-04-13T14:19:44.627338,5,254,16,1280,720,0.6985,egg,1026,1026.0,Large,80
2026-04-13T14:19:44.627496,6,0,2,1208,714,0.4329,egg,1208,1208.0,Large,80
2026-04-13T14:19:44.661580,5,254,16,1280,720,0.6985,egg,1026,1026.0,Large,80
2026-04-13T14:19:44.661770,6,0,2,1208,714,0.4329,egg,1208,1208.0,Large,80
2026-04-13T14:19:44.694444,5,254,16,1280,720,0.6985,egg,1026,1026.0,Large,80
2026-04-13T14:19:44.694614,6,0,2,1208,714,0.4329,egg,1208,1208.0,Large,80
2026-04-13T14:19:44.728051,5,254,16,1280,720,0.6985,egg,1026,1026.0,Large,80
2026-04-13T14:19:44.728252,6,0,2,1208,714,0.4329,egg,1208,1208.0,Large,80
2026-04-13T14:19:44.760649,5,254,16,1280,720,0.6985,egg,1026,1026.0,Large,80
2026-04-13T14:19:44.760817,6,0,2,1208,714,0.4329,egg,1208,1208.0,Large,80
2026-04-13T14:19:44.794032,5,254,16,1280,720,0.6985,egg,1026,1026.0,Large,80
2026-04-13T14:19:44.794203,6,0,2,1208,714,0.4329,egg,1208,1208.0,Large,80
2026-04-13T14:19:44.828500,5,254,16,1280,720,0.6985,egg,1026,1026.0,Large,80
2026-04-13T14:19:44.828658,6,0,2,1208,714,0.4329,egg,1208,1208.0,Large,80
2026-04-13T14:19:44.860200,5,254,16,1280,720,0.6985,egg,1026,1026.0,Large,80
2026-04-13T14:19:44.860278,6,0,2,1208,714,0.4329,egg,1208,1208.0,Large,80
2026-04-13T14:19:44.893780,5,254,16,1280,720,0.6985,egg,1026,1026.0,Large,80
2026-04-13T14:19:44.893964,6,0,2,1208,714,0.4329,egg,1208,1208.0,Large,80
2026-04-13T14:19:44.929206,5,254,16,1280,720,0.6985,egg,1026,1026.0,Large,80
2026-04-13T14:19:44.929279,6,0,2,1208,714,0.4329,egg,1208,1208.0,Large,80
2026-04-13T14:19:44.959584,5,254,16,1280,720,0.6985,egg,1026,1026.0,Large,80
2026-04-13T14:19:44.959739,6,0,2,1208,714,0.4329,egg,1208,1208.0,Large,80
2026-04-13T14:19:44.993860,5,254,16,1280,720,0.6985,egg,1026,1026.0,Large,80
2026-04-13T14:19:44.994040,6,0,2,1208,714,0.4329,egg,1208,1208.0,Large,80
2026-04-13T14:19:45.027592,5,254,16,1280,720,0.6985,egg,1026,1026.0,Large,80
2026-04-13T14:19:45.027765,6,0,2,1208,714,0.4329,egg,1208,1208.0,Large,80
2026-04-13T14:19:45.062243,5,254,16,1280,720,0.6985,egg,1026,1026.0,Large,80
2026-04-13T14:19:45.062377,6,0,2,1208,714,0.4329,egg,1208,1208.0,Large,80
2026-04-13T14:19:45.093237,5,254,16,1280,720,0.6985,egg,1026,1026.0,Large,80
2026-04-13T14:19:45.093307,6,0,2,1208,714,0.4329,egg,1208,1208.0,Large,80
2026-04-13T14:19:45.127702,5,254,16,1280,720,0.6985,egg,1026,1026.0,Large,80
2026-04-13T14:19:45.127836,6,0,2,1208,714,0.4329,egg,1208,1208.0,Large,80
2026-04-13T14:19:45.158958,5,254,16,1280,720,0.6985,egg,1026,1026.0,Large,80
2026-04-13T14:19:45.159014,6,0,2,1208,714,0.4329,egg,1208,1208.0,Large,80
2026-04-13T14:19:45.193633,5,254,16,1280,720,0.6985,egg,1026,1026.0,Large,80
2026-04-13T14:19:45.193788,6,0,2,1208,714,0.4329,egg,1208,1208.0,Large,80
2026-04-13T14:19:45.227518,5,254,16,1280,720,0.6985,egg,1026,1026.0,Large,80
2026-04-13T14:19:45.227718,6,0,2,1208,714,0.4329,egg,1208,1208.0,Large,80
2026-04-13T14:19:45.261407,5,254,16,1280,720,0.6985,egg,1026,1026.0,Large,80
2026-04-13T14:19:45.261554,6,0,2,1208,714,0.4329,egg,1208,1208.0,Large,80
2026-04-13T14:19:45.293870,7,2,2,390,578,0.7312,egg,576,576.0,Large,80
2026-04-13T14:19:45.293954,8,2,0,1148,570,0.6625,egg,1146,1146.0,Large,80
2026-04-13T14:19:45.294001,9,614,14,1280,720,0.491,egg,706,706.0,Large,80
2026-04-13T14:19:45.324247,7,2,2,390,578,0.7312,egg,576,576.0,Large,80
2026-04-13T14:19:45.324314,8,2,0,1148,570,0.6625,egg,1146,1146.0,Large,80
2026-04-13T14:19:45.324333,9,614,14,1280,720,0.491,egg,706,706.0,Large,80
2026-04-13T14:19:45.357676,7,2,2,390,578,0.7312,egg,576,576.0,Large,80
2026-04-13T14:19:45.357769,8,2,0,1148,570,0.6625,egg,1146,1146.0,Large,80
2026-04-13T14:19:45.357794,9,614,14,1280,720,0.491,egg,706,706.0,Large,80
2026-04-13T14:19:45.392500,7,2,2,390,578,0.7312,egg,576,576.0,Large,80
2026-04-13T14:19:45.392560,8,2,0,1148,570,0.6625,egg,1146,1146.0,Large,80
2026-04-13T14:19:45.392577,9,614,14,1280,720,0.491,egg,706,706.0,Large,80
2026-04-13T14:19:45.424247,7,2,2,390,578,0.7312,egg,576,576.0,Large,80
2026-04-13T14:19:45.424307,8,2,0,1148,570,0.6625,egg,1146,1146.0,Large,80
2026-04-13T14:19:45.424323,9,614,14,1280,720,0.491,egg,706,706.0,Large,80
2026-04-13T14:19:45.458078,7,2,2,390,578,0.7312,egg,576,576.0,Large,80
2026-04-13T14:19:45.458146,8,2,0,1148,570,0.6625,egg,1146,1146.0,Large,80
2026-04-13T14:19:45.458165,9,614,14,1280,720,0.491,egg,706,706.0,Large,80
2026-04-13T14:19:45.492310,7,2,2,390,578,0.7312,egg,576,576.0,Large,80
2026-04-13T14:19:45.492476,8,2,0,1148,570,0.6625,egg,1146,1146.0,Large,80
2026-04-13T14:19:45.492517,9,614,14,1280,720,0.491,egg,706,706.0,Large,80
2026-04-13T14:19:45.527115,7,2,2,390,578,0.7312,egg,576,576.0,Large,80
2026-04-13T14:19:45.527276,8,2,0,1148,570,0.6625,egg,1146,1146.0,Large,80
2026-04-13T14:19:45.527319,9,614,14,1280,720,0.491,egg,706,706.0,Large,80
2026-04-13T14:19:45.558172,7,2,2,390,578,0.7312,egg,576,576.0,Large,80
2026-04-13T14:19:45.558314,8,2,0,1148,570,0.6625,egg,1146,1146.0,Large,80
2026-04-13T14:19:45.558348,9,614,14,1280,720,0.491,egg,706,706.0,Large,80
2026-04-13T14:19:45.592185,7,2,2,390,578,0.7312,egg,576,576.0,Large,80
2026-04-13T14:19:45.592332,8,2,0,1148,570,0.6625,egg,1146,1146.0,Large,80
2026-04-13T14:19:45.592365,9,614,14,1280,720,0.491,egg,706,706.0,Large,80
2026-04-13T14:19:45.626646,7,2,2,390,578,0.7312,egg,576,576.0,Large,80
2026-04-13T14:19:45.626832,8,2,0,1148,570,0.6625,egg,1146,1146.0,Large,80
2026-04-13T14:19:45.626869,9,614,14,1280,720,0.491,egg,706,706.0,Large,80
2026-04-13T14:19:45.660773,7,2,2,390,578,0.7312,egg,576,576.0,Large,80
2026-04-13T14:19:45.660938,8,2,0,1148,570,0.6625,egg,1146,1146.0,Large,80
2026-04-13T14:19:45.660980,9,614,14,1280,720,0.491,egg,706,706.0,Large,80
2026-04-13T14:19:45.693654,7,2,2,390,578,0.7312,egg,576,576.0,Large,80
2026-04-13T14:19:45.693806,8,2,0,1148,570,0.6625,egg,1146,1146.0,Large,80
2026-04-13T14:19:45.693847,9,614,14,1280,720,0.491,egg,706,706.0,Large,80
2026-04-13T14:19:45.727252,7,2,2,390,578,0.7312,egg,576,576.0,Large,80
2026-04-13T14:19:45.727429,8,2,0,1148,570,0.6625,egg,1146,1146.0,Large,80
2026-04-13T14:19:45.727474,9,614,14,1280,720,0.491,egg,706,706.0,Large,80
2026-04-13T14:19:45.761374,7,2,2,390,578,0.7312,egg,576,576.0,Large,80
2026-04-13T14:19:45.761559,8,2,0,1148,570,0.6625,egg,1146,1146.0,Large,80
2026-04-13T14:19:45.761613,9,614,14,1280,720,0.491,egg,706,706.0,Large,80
2026-04-13T14:19:45.793233,7,2,2,390,578,0.7312,egg,576,576.0,Large,80
2026-04-13T14:19:45.793307,8,2,0,1148,570,0.6625,egg,1146,1146.0,Large,80
2026-04-13T14:19:45.793327,9,614,14,1280,720,0.491,egg,706,706.0,Large,80
2026-04-13T14:19:45.827145,7,2,2,390,578,0.7312,egg,576,576.0,Large,80
2026-04-13T14:19:45.827290,8,2,0,1148,570,0.6625,egg,1146,1146.0,Large,80
2026-04-13T14:19:45.827344,9,614,14,1280,720,0.491,egg,706,706.0,Large,80
2026-04-13T14:19:45.861702,7,2,2,390,578,0.7312,egg,576,576.0,Large,80
2026-04-13T14:19:45.861863,8,2,0,1148,570,0.6625,egg,1146,1146.0,Large,80
2026-04-13T14:19:45.861906,9,614,14,1280,720,0.491,egg,706,706.0,Large,80
2026-04-13T14:19:45.893539,7,2,2,390,578,0.7312,egg,576,576.0,Large,80
2026-04-13T14:19:45.893719,8,2,0,1148,570,0.6625,egg,1146,1146.0,Large,80
2026-04-13T14:19:45.893755,9,614,14,1280,720,0.491,egg,706,706.0,Large,80
2026-04-13T14:19:45.927330,7,2,2,390,578,0.7312,egg,576,576.0,Large,80
2026-04-13T14:19:45.927478,8,2,0,1148,570,0.6625,egg,1146,1146.0,Large,80
2026-04-13T14:19:45.927529,9,614,14,1280,720,0.491,egg,706,706.0,Large,80
2026-04-13T14:19:45.960294,7,2,2,390,578,0.7312,egg,576,576.0,Large,80
2026-04-13T14:19:45.960433,8,2,0,1148,570,0.6625,egg,1146,1146.0,Large,80
2026-04-13T14:19:45.960476,9,614,14,1280,720,0.491,egg,706,706.0,Large,80
2026-04-13T14:19:45.993308,7,2,2,390,578,0.7312,egg,576,576.0,Large,80
2026-04-13T14:19:45.993458,8,2,0,1148,570,0.6625,egg,1146,1146.0,Large,80
2026-04-13T14:19:45.993491,9,614,14,1280,720,0.491,egg,706,706.0,Large,80
2026-04-13T14:19:46.026881,7,2,2,390,578,0.7312,egg,576,576.0,Large,80
2026-04-13T14:19:46.027057,8,2,0,1148,570,0.6625,egg,1146,1146.0,Large,80
2026-04-13T14:19:46.027095,9,614,14,1280,720,0.491,egg,706,706.0,Large,80
2026-04-13T14:19:46.060988,7,2,2,390,578,0.7312,egg,576,576.0,Large,80
2026-04-13T14:19:46.061134,8,2,0,1148,570,0.6625,egg,1146,1146.0,Large,80
2026-04-13T14:19:46.061181,9,614,14,1280,720,0.491,egg,706,706.0,Large,80
2026-04-13T14:19:46.093834,7,2,2,390,578,0.7312,egg,576,576.0,Large,80
2026-04-13T14:19:46.093993,8,2,0,1148,570,0.6625,egg,1146,1146.0,Large,80
2026-04-13T14:19:46.094037,9,614,14,1280,720,0.491,egg,706,706.0,Large,80
2026-04-13T14:19:46.126432,7,2,2,390,578,0.7312,egg,576,576.0,Large,80
2026-04-13T14:19:46.126581,8,2,0,1148,570,0.6625,egg,1146,1146.0,Large,80
2026-04-13T14:19:46.126641,9,614,14,1280,720,0.491,egg,706,706.0,Large,80
2026-04-13T14:19:46.160455,7,2,2,390,578,0.7312,egg,576,576.0,Large,80
2026-04-13T14:19:46.160615,8,2,0,1148,570,0.6625,egg,1146,1146.0,Large,80
2026-04-13T14:19:46.160702,9,614,14,1280,720,0.491,egg,706,706.0,Large,80
2026-04-13T14:19:46.194335,7,2,2,390,578,0.7312,egg,576,576.0,Large,80
2026-04-13T14:19:46.194483,8,2,0,1148,570,0.6625,egg,1146,1146.0,Large,80
2026-04-13T14:19:46.194525,9,614,14,1280,720,0.491,egg,706,706.0,Large,80
2026-04-13T14:19:46.228134,7,2,2,390,578,0.7312,egg,576,576.0,Large,80
2026-04-13T14:19:46.228293,8,2,0,1148,570,0.6625,egg,1146,1146.0,Large,80
2026-04-13T14:19:46.228334,9,614,14,1280,720,0.491,egg,706,706.0,Large,80
2026-04-13T14:19:46.260533,7,2,2,390,578,0.7312,egg,576,576.0,Large,80
2026-04-13T14:19:46.260691,8,2,0,1148,570,0.6625,egg,1146,1146.0,Large,80
2026-04-13T14:19:46.260729,9,614,14,1280,720,0.491,egg,706,706.0,Large,80
2026-04-13T14:19:46.293668,7,2,2,390,578,0.7312,egg,576,576.0,Large,80
2026-04-13T14:19:46.293815,8,2,0,1148,570,0.6625,egg,1146,1146.0,Large,80
2026-04-13T14:19:46.293856,9,614,14,1280,720,0.491,egg,706,706.0,Large,80
2026-04-13T14:19:46.328759,7,2,2,390,578,0.7312,egg,576,576.0,Large,80
2026-04-13T14:19:46.328897,8,2,0,1148,570,0.6625,egg,1146,1146.0,Large,80
2026-04-13T14:19:46.328938,9,614,14,1280,720,0.491,egg,706,706.0,Large,80
2026-04-13T14:19:46.359582,7,2,2,390,578,0.7312,egg,576,576.0,Large,80
2026-04-13T14:19:46.359704,8,2,0,1148,570,0.6625,egg,1146,1146.0,Large,80
2026-04-13T14:19:46.359750,9,614,14,1280,720,0.491,egg,706,706.0,Large,80
2026-04-13T14:19:46.391811,7,2,2,390,578,0.7312,egg,576,576.0,Large,80
2026-04-13T14:19:46.391931,8,2,0,1148,570,0.6625,egg,1146,1146.0,Large,80
2026-04-13T14:19:46.391966,9,614,14,1280,720,0.491,egg,706,706.0,Large,80
2026-04-13T14:19:46.424897,7,2,2,390,578,0.7312,egg,576,576.0,Large,80
2026-04-13T14:19:46.425015,8,2,0,1148,570,0.6625,egg,1146,1146.0,Large,80
2026-04-13T14:19:46.425056,9,614,14,1280,720,0.491,egg,706,706.0,Large,80
2026-04-13T14:19:46.459263,7,2,2,390,578,0.7312,egg,576,576.0,Large,80
2026-04-13T14:19:46.460979,8,2,0,1148,570,0.6625,egg,1146,1146.0,Large,80
2026-04-13T14:19:46.466113,9,614,14,1280,720,0.491,egg,706,706.0,Large,80
2026-04-13T14:19:46.491381,7,2,2,390,578,0.7312,egg,576,576.0,Large,80
2026-04-13T14:19:46.491498,8,2,0,1148,570,0.6625,egg,1146,1146.0,Large,80
2026-04-13T14:19:46.491544,9,614,14,1280,720,0.491,egg,706,706.0,Large,80
2026-04-13T14:19:46.526139,7,2,2,390,578,0.7312,egg,576,576.0,Large,80
2026-04-13T14:19:46.526276,8,2,0,1148,570,0.6625,egg,1146,1146.0,Large,80
2026-04-13T14:19:46.526318,9,614,14,1280,720,0.491,egg,706,706.0,Large,80
2026-04-13T14:19:46.560805,7,2,2,390,578,0.7312,egg,576,576.0,Large,80
2026-04-13T14:19:46.560947,8,2,0,1148,570,0.6625,egg,1146,1146.0,Large,80
2026-04-13T14:19:46.561003,9,614,14,1280,720,0.491,egg,706,706.0,Large,80
2026-04-13T14:19:46.593978,7,2,2,390,578,0.7312,egg,576,576.0,Large,80
2026-04-13T14:19:46.594134,8,2,0,1148,570,0.6625,egg,1146,1146.0,Large,80
2026-04-13T14:19:46.594168,9,614,14,1280,720,0.491,egg,706,706.0,Large,80
2026-04-13T14:19:46.626819,7,2,2,390,578,0.7312,egg,576,576.0,Large,80
2026-04-13T14:19:46.626982,8,2,0,1148,570,0.6625,egg,1146,1146.0,Large,80
2026-04-13T14:19:46.627024,9,614,14,1280,720,0.491,egg,706,706.0,Large,80
2026-04-13T14:19:46.660723,7,2,2,390,578,0.7312,egg,576,576.0,Large,80
2026-04-13T14:19:46.660887,8,2,0,1148,570,0.6625,egg,1146,1146.0,Large,80
2026-04-13T14:19:46.660929,9,614,14,1280,720,0.491,egg,706,706.0,Large,80
2026-04-13T14:19:46.693575,7,2,2,390,578,0.7312,egg,576,576.0,Large,80
2026-04-13T14:19:46.693735,8,2,0,1148,570,0.6625,egg,1146,1146.0,Large,80
2026-04-13T14:19:46.693772,9,614,14,1280,720,0.491,egg,706,706.0,Large,80
2026-04-13T14:19:46.726870,7,2,2,390,578,0.7312,egg,576,576.0,Large,80
2026-04-13T14:19:46.727026,8,2,0,1148,570,0.6625,egg,1146,1146.0,Large,80
2026-04-13T14:19:46.727062,9,614,14,1280,720,0.491,egg,706,706.0,Large,80
2026-04-13T14:19:46.759856,7,2,2,390,578,0.7312,egg,576,576.0,Large,80
2026-04-13T14:19:46.760012,8,2,0,1148,570,0.6625,egg,1146,1146.0,Large,80
2026-04-13T14:19:46.760056,9,614,14,1280,720,0.491,egg,706,706.0,Large,80
2026-04-13T14:19:46.794627,7,2,2,390,578,0.7312,egg,576,576.0,Large,80
2026-04-13T14:19:46.794786,8,2,0,1148,570,0.6625,egg,1146,1146.0,Large,80
2026-04-13T14:19:46.794827,9,614,14,1280,720,0.491,egg,706,706.0,Large,80
2026-04-13T14:19:46.826351,7,2,2,390,578,0.7312,egg,576,576.0,Large,80
2026-04-13T14:19:46.826505,8,2,0,1148,570,0.6625,egg,1146,1146.0,Large,80
2026-04-13T14:19:46.826547,9,614,14,1280,720,0.491,egg,706,706.0,Large,80
2026-04-13T14:19:46.860860,7,2,2,390,578,0.7312,egg,576,576.0,Large,80
2026-04-13T14:19:46.861024,8,2,0,1148,570,0.6625,egg,1146,1146.0,Large,80
2026-04-13T14:19:46.861069,9,614,14,1280,720,0.491,egg,706,706.0,Large,80
2026-04-13T14:19:46.893097,7,2,2,390,578,0.7312,egg,576,576.0,Large,80
2026-04-13T14:19:46.893245,8,2,0,1148,570,0.6625,egg,1146,1146.0,Large,80
2026-04-13T14:19:46.893281,9,614,14,1280,720,0.491,egg,706,706.0,Large,80
2026-04-13T14:19:46.928123,7,2,2,390,578,0.7312,egg,576,576.0,Large,80
2026-04-13T14:19:46.928273,8,2,0,1148,570,0.6625,egg,1146,1146.0,Large,80
2026-04-13T14:19:46.928317,9,614,14,1280,720,0.491,egg,706,706.0,Large,80
2026-04-13T14:19:46.960259,7,2,2,390,578,0.7312,egg,576,576.0,Large,80
2026-04-13T14:19:46.960439,8,2,0,1148,570,0.6625,egg,1146,1146.0,Large,80
2026-04-13T14:19:46.960476,9,614,14,1280,720,0.491,egg,706,706.0,Large,80
2026-04-13T14:19:46.991206,7,2,2,390,578,0.7312,egg,576,576.0,Large,80
2026-04-13T14:19:46.991367,8,2,0,1148,570,0.6625,egg,1146,1146.0,Large,80
2026-04-13T14:19:46.991404,9,614,14,1280,720,0.491,egg,706,706.0,Large,80
2026-04-13T14:19:47.027365,7,2,2,390,578,0.7312,egg,576,576.0,Large,80
2026-04-13T14:19:47.027502,8,2,0,1148,570,0.6625,egg,1146,1146.0,Large,80
2026-04-13T14:19:47.027562,9,614,14,1280,720,0.491,egg,706,706.0,Large,80
2026-04-13T14:19:47.059044,7,2,2,390,578,0.7312,egg,576,576.0,Large,80
2026-04-13T14:19:47.059200,8,2,0,1148,570,0.6625,egg,1146,1146.0,Large,80
2026-04-13T14:19:47.059247,9,614,14,1280,720,0.491,egg,706,706.0,Large,80
2026-04-13T14:19:47.093070,7,2,2,390,578,0.7312,egg,576,576.0,Large,80
2026-04-13T14:19:47.093250,8,2,0,1148,570,0.6625,egg,1146,1146.0,Large,80
2026-04-13T14:19:47.093296,9,614,14,1280,720,0.491,egg,706,706.0,Large,80
2026-04-13T14:19:47.125473,10,0,0,1082,716,0.5766,egg,1082,1082.0,Large,80
2026-04-13T14:19:47.157730,10,0,0,1082,716,0.5766,egg,1082,1082.0,Large,80
2026-04-13T14:19:47.190526,10,0,0,1082,716,0.5766,egg,1082,1082.0,Large,80
2026-04-13T14:19:47.223580,10,0,0,1082,716,0.5766,egg,1082,1082.0,Large,80
2026-04-13T14:19:47.257176,10,0,0,1082,716,0.5766,egg,1082,1082.0,Large,80
2026-04-13T14:19:47.290691,10,0,0,1082,716,0.5766,egg,1082,1082.0,Large,80
2026-04-13T14:19:47.325797,10,0,0,1082,716,0.5766,egg,1082,1082.0,Large,80
2026-04-13T14:19:47.356477,10,0,0,1082,716,0.5766,egg,1082,1082.0,Large,80
2026-04-13T14:19:47.392478,10,0,0,1082,716,0.5766,egg,1082,1082.0,Large,80
2026-04-13T14:19:47.423561,10,0,0,1082,716,0.5766,egg,1082,1082.0,Large,80
2026-04-13T14:19:47.459179,10,0,0,1082,716,0.5766,egg,1082,1082.0,Large,80
2026-04-13T14:19:47.491297,10,0,0,1082,716,0.5766,egg,1082,1082.0,Large,80
2026-04-13T14:19:47.525336,10,0,0,1082,716,0.5766,egg,1082,1082.0,Large,80
2026-04-13T14:19:47.559638,10,0,0,1082,716,0.5766,egg,1082,1082.0,Large,80
2026-04-13T14:19:47.593151,10,0,0,1082,716,0.5766,egg,1082,1082.0,Large,80
2026-04-13T14:19:47.627325,10,0,0,1082,716,0.5766,egg,1082,1082.0,Large,80
2026-04-13T14:19:47.659345,10,0,0,1082,716,0.5766,egg,1082,1082.0,Large,80
2026-04-13T14:19:47.693024,10,0,0,1082,716,0.5766,egg,1082,1082.0,Large,80
2026-04-13T14:19:47.728097,10,0,0,1082,716,0.5766,egg,1082,1082.0,Large,80
2026-04-13T14:19:47.758965,10,0,0,1082,716,0.5766,egg,1082,1082.0,Large,80
2026-04-13T14:19:47.792919,10,0,0,1082,716,0.5766,egg,1082,1082.0,Large,80
2026-04-13T14:19:47.826191,10,0,0,1082,716,0.5766,egg,1082,1082.0,Large,80
2026-04-13T14:19:47.861408,10,0,0,1082,716,0.5766,egg,1082,1082.0,Large,80
2026-04-13T14:19:47.892074,10,0,0,1082,716,0.5766,egg,1082,1082.0,Large,80
2026-04-13T14:19:47.926231,10,0,0,1082,716,0.5766,egg,1082,1082.0,Large,80
2026-04-13T14:19:47.960357,10,0,0,1082,716,0.5766,egg,1082,1082.0,Large,80
2026-04-13T14:19:47.991571,10,0,0,1082,716,0.5766,egg,1082,1082.0,Large,80
2026-04-13T14:19:48.026120,10,0,0,1082,716,0.5766,egg,1082,1082.0,Large,80
2026-04-13T14:19:48.059443,10,0,0,1082,716,0.5766,egg,1082,1082.0,Large,80
2026-04-13T14:19:48.093071,10,0,0,1082,716,0.5766,egg,1082,1082.0,Large,80
2026-04-13T14:19:48.126287,10,0,0,1082,716,0.5766,egg,1082,1082.0,Large,80
2026-04-13T14:19:48.159449,10,0,0,1082,716,0.5766,egg,1082,1082.0,Large,80
2026-04-13T14:19:48.194646,10,0,0,1082,716,0.5766,egg,1082,1082.0,Large,80
2026-04-13T14:19:48.225484,10,0,0,1082,716,0.5766,egg,1082,1082.0,Large,80
2026-04-13T14:19:48.260148,10,0,0,1082,716,0.5766,egg,1082,1082.0,Large,80
2026-04-13T14:19:48.292813,10,0,0,1082,716,0.5766,egg,1082,1082.0,Large,80
2026-04-13T14:19:48.327939,10,0,0,1082,716,0.5766,egg,1082,1082.0,Large,80
2026-04-13T14:19:48.358631,10,0,0,1082,716,0.5766,egg,1082,1082.0,Large,80
2026-04-13T14:19:48.391587,10,0,0,1082,716,0.5766,egg,1082,1082.0,Large,80
2026-04-13T14:19:48.426699,10,0,0,1082,716,0.5766,egg,1082,1082.0,Large,80
2026-04-13T14:19:48.459426,10,0,0,1082,716,0.5766,egg,1082,1082.0,Large,80
2026-04-13T14:19:48.491530,10,0,0,1082,716,0.5766,egg,1082,1082.0,Large,80
2026-04-13T14:19:48.526490,10,0,0,1082,716,0.5766,egg,1082,1082.0,Large,80
2026-04-13T14:19:48.559208,10,0,0,1082,716,0.5766,egg,1082,1082.0,Large,80
2026-04-13T14:19:48.592621,10,0,0,1082,716,0.5766,egg,1082,1082.0,Large,80
2026-04-13T14:19:48.625678,10,0,0,1082,716,0.5766,egg,1082,1082.0,Large,80
2026-04-13T14:19:48.659365,10,0,0,1082,716,0.5766,egg,1082,1082.0,Large,80
2026-04-13T14:19:48.690423,10,0,0,1082,716,0.5766,egg,1082,1082.0,Large,80
2026-04-13T14:19:48.726842,10,0,0,1082,716,0.5766,egg,1082,1082.0,Large,80
2026-04-13T14:19:48.758765,10,0,0,1082,716,0.5766,egg,1082,1082.0,Large,80
2026-04-13T14:19:48.793180,10,0,0,1082,716,0.5766,egg,1082,1082.0,Large,80
2026-04-13T14:19:48.823538,10,0,0,1082,716,0.5766,egg,1082,1082.0,Large,80
2026-04-13T14:19:48.858446,10,0,0,1082,716,0.5766,egg,1082,1082.0,Large,80
2026-04-13T14:19:48.893043,10,0,0,1082,716,0.5766,egg,1082,1082.0,Large,80
2026-04-13T14:19:48.924204,10,0,0,1082,716,0.5766,egg,1082,1082.0,Large,80
2026-04-13T14:19:48.957532,10,0,0,1082,716,0.5766,egg,1082,1082.0,Large,80
2026-04-13T14:19:48.991589,10,0,0,1082,716,0.5766,egg,1082,1082.0,Large,80
2026-04-13T14:19:49.026276,10,0,0,1082,716,0.5766,egg,1082,1082.0,Large,80
2026-04-13T14:19:49.058273,11,662,0,1010,720,0.7346,egg,720,720.0,Large,80
2026-04-13T14:19:49.058342,12,0,2,1244,694,0.6725,egg,1244,1244.0,Large,80
2026-04-23T14:31:51.100809,0,0,0,1204,720,0.7697,egg,1204,1204.0,Large,80
2026-04-23T14:31:51.136434,0,0,0,1204,720,0.7697,egg,1204,1204.0,Large,80
2026-04-23T14:31:51.169213,0,0,0,1204,720,0.7697,egg,1204,1204.0,Large,80
2026-04-23T14:31:51.201524,0,0,0,1204,720,0.7697,egg,1204,1204.0,Large,80
2026-04-23T14:31:51.236304,0,0,0,1204,720,0.7697,egg,1204,1204.0,Large,80
2026-04-23T14:31:51.268306,0,0,0,1204,720,0.7697,egg,1204,1204.0,Large,80
2026-04-23T14:31:51.302440,0,0,0,1204,720,0.7697,egg,1204,1204.0,Large,80
2026-04-23T14:31:51.335769,0,0,0,1204,720,0.7697,egg,1204,1204.0,Large,80
2026-04-23T14:31:51.369371,0,0,0,1204,720,0.7697,egg,1204,1204.0,Large,80
2026-04-23T14:31:51.401276,0,0,0,1204,720,0.7697,egg,1204,1204.0,Large,80
2026-04-23T14:31:51.436467,0,0,0,1204,720,0.7697,egg,1204,1204.0,Large,80
2026-04-23T14:31:51.469733,0,0,0,1204,720,0.7697,egg,1204,1204.0,Large,80
2026-04-23T14:31:51.501912,0,0,0,1204,720,0.7697,egg,1204,1204.0,Large,80
2026-04-23T14:31:51.536773,0,0,0,1204,720,0.7697,egg,1204,1204.0,Large,80
2026-04-23T14:31:51.568705,0,0,0,1204,720,0.7697,egg,1204,1204.0,Large,80
2026-04-23T14:31:51.602634,0,0,0,1204,720,0.7697,egg,1204,1204.0,Large,80
2026-04-23T14:31:51.635671,0,0,0,1204,720,0.7697,egg,1204,1204.0,Large,80
2026-04-23T14:31:51.668872,0,0,0,1204,720,0.7697,egg,1204,1204.0,Large,80
2026-04-23T14:31:51.701739,0,0,0,1204,720,0.7697,egg,1204,1204.0,Large,80
2026-04-23T14:31:51.735748,0,0,0,1204,720,0.7697,egg,1204,1204.0,Large,80
2026-04-23T14:31:51.769710,0,0,0,1204,720,0.7697,egg,1204,1204.0,Large,80
2026-04-23T14:31:51.802614,0,0,0,1204,720,0.7697,egg,1204,1204.0,Large,80
2026-04-23T14:31:51.834691,0,0,0,1204,720,0.7697,egg,1204,1204.0,Large,80
2026-04-23T14:31:51.868210,0,0,0,1204,720,0.7697,egg,1204,1204.0,Large,80
2026-04-23T14:31:51.901759,0,0,0,1204,720,0.7697,egg,1204,1204.0,Large,80
2026-04-23T14:31:51.935825,0,0,0,1204,720,0.7697,egg,1204,1204.0,Large,80
2026-04-23T14:31:51.967280,0,0,0,1204,720,0.7697,egg,1204,1204.0,Large,80
2026-04-23T14:31:52.001863,0,0,0,1204,720,0.7697,egg,1204,1204.0,Large,80
2026-04-23T14:31:52.035327,0,0,0,1204,720,0.7697,egg,1204,1204.0,Large,80
2026-04-23T14:31:52.069083,0,0,0,1204,720,0.7697,egg,1204,1204.0,Large,80
2026-04-23T14:31:52.101975,0,0,0,1204,720,0.7697,egg,1204,1204.0,Large,80
2026-04-23T14:31:52.135837,0,0,0,1204,720,0.7697,egg,1204,1204.0,Large,80
2026-04-23T14:31:52.169099,0,0,0,1204,720,0.7697,egg,1204,1204.0,Large,80
2026-04-23T14:31:52.202043,0,0,0,1204,720,0.7697,egg,1204,1204.0,Large,80
2026-04-23T14:31:52.235684,0,0,0,1204,720,0.7697,egg,1204,1204.0,Large,80
2026-04-23T14:31:52.268707,0,0,0,1204,720,0.7697,egg,1204,1204.0,Large,80
2026-04-23T14:31:52.301217,0,0,0,1204,720,0.7697,egg,1204,1204.0,Large,80
2026-04-23T14:31:52.334971,0,0,0,1204,720,0.7697,egg,1204,1204.0,Large,80
2026-04-23T14:31:52.368544,0,0,0,1204,720,0.7697,egg,1204,1204.0,Large,80
2026-04-23T14:31:52.403477,0,0,0,1204,720,0.7697,egg,1204,1204.0,Large,80
2026-04-23T14:31:52.435865,0,0,0,1204,720,0.7697,egg,1204,1204.0,Large,80
2026-04-23T14:31:52.468822,0,0,0,1204,720,0.7697,egg,1204,1204.0,Large,80
2026-04-23T14:31:52.502339,0,0,0,1204,720,0.7697,egg,1204,1204.0,Large,80
2026-04-23T14:31:52.537510,0,0,0,1204,720,0.7697,egg,1204,1204.0,Large,80
2026-04-23T14:31:52.568576,0,0,0,1204,720,0.7697,egg,1204,1204.0,Large,80
2026-04-23T14:31:52.601788,0,0,0,1204,720,0.7697,egg,1204,1204.0,Large,80
2026-04-23T14:31:52.635719,0,0,0,1204,720,0.7697,egg,1204,1204.0,Large,80
2026-04-23T14:31:52.667867,0,0,0,1204,720,0.7697,egg,1204,1204.0,Large,80
2026-04-23T14:31:52.702393,0,0,0,1204,720,0.7697,egg,1204,1204.0,Large,80
2026-04-23T14:31:52.735415,0,0,0,1204,720,0.7697,egg,1204,1204.0,Large,80
2026-04-23T14:31:52.767139,0,0,0,1204,720,0.7697,egg,1204,1204.0,Large,80
2026-04-23T14:31:52.802226,0,0,0,1204,720,0.7697,egg,1204,1204.0,Large,80
2026-04-23T14:31:52.835300,0,0,0,1204,720,0.7697,egg,1204,1204.0,Large,80
2026-04-23T14:31:52.870826,0,0,0,1204,720,0.7697,egg,1204,1204.0,Large,80
2026-04-23T14:31:52.901081,0,0,0,1204,720,0.7697,egg,1204,1204.0,Large,80
2026-04-23T14:31:52.935704,0,0,0,1204,720,0.7697,egg,1204,1204.0,Large,80
2026-04-23T14:31:52.968051,0,0,0,1204,720,0.7697,egg,1204,1204.0,Large,80
2026-04-23T14:31:53.002234,0,0,0,1204,720,0.7697,egg,1204,1204.0,Large,80
2026-04-23T14:31:53.035171,0,0,0,1204,720,0.7697,egg,1204,1204.0,Large,80
2026-04-23T14:31:53.068172,0,0,0,1204,720,0.7697,egg,1204,1204.0,Large,80
2026-04-23T14:31:53.103482,0,0,0,1204,720,0.7697,egg,1204,1204.0,Large,80
2026-04-23T14:31:53.135082,0,0,0,1204,720,0.7697,egg,1204,1204.0,Large,80
2026-04-23T14:31:53.168925,0,0,0,1204,720,0.7697,egg,1204,1204.0,Large,80
2026-04-23T14:31:53.201844,0,0,0,1204,720,0.7697,egg,1204,1204.0,Large,80
2026-04-23T14:31:53.233969,0,0,0,1204,720,0.7697,egg,1204,1204.0,Large,80
2026-04-23T14:31:53.268799,0,0,0,1204,720,0.7697,egg,1204,1204.0,Large,80
2026-04-23T14:31:53.301392,0,0,0,1204,720,0.7697,egg,1204,1204.0,Large,80
2026-04-23T14:31:53.335804,0,0,0,1204,720,0.7697,egg,1204,1204.0,Large,80
2026-04-23T14:31:53.367752,0,0,0,1204,720,0.7697,egg,1204,1204.0,Large,80
2026-04-23T14:31:53.401981,0,0,0,1204,720,0.7697,egg,1204,1204.0,Large,80
2026-04-23T14:31:53.433476,0,0,0,1204,720,0.7697,egg,1204,1204.0,Large,80
2026-04-23T14:31:53.467757,0,0,0,1204,720,0.7697,egg,1204,1204.0,Large,80
2026-04-23T14:31:53.501151,0,0,0,1204,720,0.7697,egg,1204,1204.0,Large,80
2026-04-23T14:31:53.534971,0,0,0,1204,720,0.7697,egg,1204,1204.0,Large,80
2026-04-23T14:31:53.568196,0,0,0,1204,720,0.7697,egg,1204,1204.0,Large,80
2026-04-23T14:31:53.601878,0,0,0,1204,720,0.7697,egg,1204,1204.0,Large,80
2026-04-23T14:31:53.635115,0,0,0,1204,720,0.7697,egg,1204,1204.0,Large,80
2026-04-23T14:31:53.667886,0,0,0,1204,720,0.7697,egg,1204,1204.0,Large,80
2026-04-23T14:31:53.701890,0,0,0,1204,720,0.7697,egg,1204,1204.0,Large,80
2026-04-23T14:31:53.734107,0,0,0,1204,720,0.7697,egg,1204,1204.0,Large,80
2026-04-23T14:31:53.769461,0,0,0,1204,720,0.7697,egg,1204,1204.0,Large,80
2026-04-23T14:31:53.802521,0,0,0,1204,720,0.7697,egg,1204,1204.0,Large,80
2026-04-23T14:31:53.835312,0,0,0,1204,720,0.7697,egg,1204,1204.0,Large,80
2026-04-23T14:31:53.870199,0,0,0,1204,720,0.7697,egg,1204,1204.0,Large,80
2026-04-23T14:31:53.901542,0,0,0,1204,720,0.7697,egg,1204,1204.0,Large,80
2026-04-23T14:31:53.935253,0,0,0,1204,720,0.7697,egg,1204,1204.0,Large,80
2026-04-23T14:31:53.967272,0,0,0,1204,720,0.7697,egg,1204,1204.0,Large,80
2026-04-23T14:31:54.002767,0,0,0,1204,720,0.7697,egg,1204,1204.0,Large,80
2026-04-23T14:31:54.036038,0,0,0,1204,720,0.7697,egg,1204,1204.0,Large,80
2026-04-23T14:31:54.067806,0,0,0,1204,720,0.7697,egg,1204,1204.0,Large,80
2026-04-23T14:31:54.102227,0,0,0,1204,720,0.7697,egg,1204,1204.0,Large,80
2026-04-23T14:31:54.134967,0,0,0,1204,720,0.7697,egg,1204,1204.0,Large,80
2026-04-23T14:31:54.168008,0,0,0,1204,720,0.7697,egg,1204,1204.0,Large,80
2026-04-23T14:31:54.201471,0,0,0,1204,720,0.7697,egg,1204,1204.0,Large,80
2026-04-23T14:31:54.235242,0,0,0,1204,720,0.7697,egg,1204,1204.0,Large,80
2026-04-23T14:31:54.269281,0,0,0,1204,720,0.7697,egg,1204,1204.0,Large,80
2026-04-23T14:31:54.302016,0,0,0,1204,720,0.7697,egg,1204,1204.0,Large,80
2026-04-23T14:31:54.336127,1,0,0,228,166,0.7684,egg,228,228.0,Large,80
2026-04-23T14:31:54.367505,1,0,0,228,166,0.7684,egg,228,228.0,Large,80
2026-04-23T14:31:54.401687,1,0,0,228,166,0.7684,egg,228,228.0,Large,80
2026-04-23T14:31:54.433816,1,0,0,228,166,0.7684,egg,228,228.0,Large,80
2026-04-23T14:31:54.467210,1,0,0,228,166,0.7684,egg,228,228.0,Large,80
2026-04-23T14:31:54.501845,1,0,0,228,166,0.7684,egg,228,228.0,Large,80
2026-04-23T14:31:54.534300,1,0,0,228,166,0.7684,egg,228,228.0,Large,80
2026-04-23T14:31:54.566756,1,0,0,228,166,0.7684,egg,228,228.0,Large,80
2026-04-23T14:31:54.601416,1,0,0,228,166,0.7684,egg,228,228.0,Large,80
2026-04-23T14:31:54.634639,1,0,0,228,166,0.7684,egg,228,228.0,Large,80
2026-04-23T14:31:54.667727,1,0,0,228,166,0.7684,egg,228,228.0,Large,80
2026-04-23T14:31:54.700813,1,0,0,228,166,0.7684,egg,228,228.0,Large,80
2026-04-23T14:31:54.735963,1,0,0,228,166,0.7684,egg,228,228.0,Large,80
2026-04-23T14:31:54.766907,1,0,0,228,166,0.7684,egg,228,228.0,Large,80
2026-04-23T14:31:54.801765,1,0,0,228,166,0.7684,egg,228,228.0,Large,80
2026-04-23T14:31:54.834168,1,0,0,228,166,0.7684,egg,228,228.0,Large,80
2026-04-23T14:32:16.755381,0,0,26,1920,1080,0.7509,egg,1920,1920.0,Large,80
2026-04-23T14:32:16.796959,0,0,26,1920,1080,0.7509,egg,1920,1920.0,Large,80
2026-04-23T14:32:16.839000,0,0,26,1920,1080,0.7509,egg,1920,1920.0,Large,80
2026-04-23T14:32:16.881299,0,0,26,1920,1080,0.7509,egg,1920,1920.0,Large,80
2026-04-23T14:32:16.920826,0,0,26,1920,1080,0.7509,egg,1920,1920.0,Large,80
2026-04-23T14:32:16.962780,0,0,26,1920,1080,0.7509,egg,1920,1920.0,Large,80
2026-04-23T14:32:17.004081,0,0,26,1920,1080,0.7509,egg,1920,1920.0,Large,80
2026-04-23T14:32:17.046142,0,0,26,1920,1080,0.7509,egg,1920,1920.0,Large,80
2026-04-23T14:32:17.087973,0,0,26,1920,1080,0.7509,egg,1920,1920.0,Large,80
2026-04-23T14:32:17.129766,0,0,26,1920,1080,0.7509,egg,1920,1920.0,Large,80
2026-04-23T14:32:17.178122,0,0,26,1920,1080,0.7509,egg,1920,1920.0,Large,80
2026-04-23T14:32:17.211522,0,0,26,1920,1080,0.7509,egg,1920,1920.0,Large,80
2026-04-23T14:32:17.253847,0,0,26,1920,1080,0.7509,egg,1920,1920.0,Large,80
2026-04-23T14:32:17.296277,0,0,26,1920,1080,0.7509,egg,1920,1920.0,Large,80
2026-04-23T14:32:17.337411,0,0,26,1920,1080,0.7509,egg,1920,1920.0,Large,80
2026-04-23T14:32:17.383347,0,0,26,1920,1080,0.7509,egg,1920,1920.0,Large,80
2026-04-23T14:32:17.425591,0,0,26,1920,1080,0.7509,egg,1920,1920.0,Large,80
2026-04-23T14:32:17.466126,0,0,26,1920,1080,0.7509,egg,1920,1920.0,Large,80
2026-04-23T14:32:17.508046,0,0,26,1920,1080,0.7509,egg,1920,1920.0,Large,80
2026-04-23T14:32:17.550503,0,0,26,1920,1080,0.7509,egg,1920,1920.0,Large,80
2026-04-23T14:32:17.587485,0,0,26,1920,1080,0.7509,egg,1920,1920.0,Large,80
2026-04-23T14:32:17.630969,0,0,26,1920,1080,0.7509,egg,1920,1920.0,Large,80
2026-04-23T14:32:17.671742,0,0,26,1920,1080,0.7509,egg,1920,1920.0,Large,80
2026-04-23T14:32:17.713425,0,0,26,1920,1080,0.7509,egg,1920,1920.0,Large,80
2026-04-23T14:32:17.755816,0,0,26,1920,1080,0.7509,egg,1920,1920.0,Large,80
2026-04-23T14:32:17.798493,0,0,26,1920,1080,0.7509,egg,1920,1920.0,Large,80
2026-04-23T14:32:17.838822,0,0,26,1920,1080,0.7509,egg,1920,1920.0,Large,80
2026-04-23T14:32:17.884289,0,0,26,1920,1080,0.7509,egg,1920,1920.0,Large,80
2026-04-23T14:32:17.928230,0,0,26,1920,1080,0.7509,egg,1920,1920.0,Large,80
2026-04-23T14:32:17.964326,0,0,26,1920,1080,0.7509,egg,1920,1920.0,Large,80
2026-04-23T14:32:17.998433,0,0,26,1920,1080,0.7509,egg,1920,1920.0,Large,80
2026-04-23T14:32:18.044627,0,0,26,1920,1080,0.7509,egg,1920,1920.0,Large,80
2026-04-23T14:32:18.087716,0,0,26,1920,1080,0.7509,egg,1920,1920.0,Large,80
2026-04-23T14:32:18.127382,0,0,26,1920,1080,0.7509,egg,1920,1920.0,Large,80
2026-04-23T14:32:18.170196,0,28,0,1902,1080,0.7163,egg,1874,1874.0,Large,80
2026-04-23T14:32:18.214285,0,28,0,1902,1080,0.7163,egg,1874,1874.0,Large,80
2026-04-23T14:32:18.259456,0,28,0,1902,1080,0.7163,egg,1874,1874.0,Large,80
2026-04-23T14:32:18.296341,0,28,0,1902,1080,0.7163,egg,1874,1874.0,Large,80
2026-04-23T14:32:18.339208,0,28,0,1902,1080,0.7163,egg,1874,1874.0,Large,80
2026-04-23T14:32:18.384154,0,28,0,1902,1080,0.7163,egg,1874,1874.0,Large,80
2026-04-23T14:32:18.423792,0,28,0,1902,1080,0.7163,egg,1874,1874.0,Large,80
2026-04-23T14:32:18.470454,0,28,0,1902,1080,0.7163,egg,1874,1874.0,Large,80
2026-04-23T14:32:18.509760,0,28,0,1902,1080,0.7163,egg,1874,1874.0,Large,80
2026-04-23T14:32:18.549184,0,28,0,1902,1080,0.7163,egg,1874,1874.0,Large,80
2026-04-23T14:32:18.593887,0,28,0,1902,1080,0.7163,egg,1874,1874.0,Large,80
2026-04-23T14:32:18.636764,0,28,0,1902,1080,0.7163,egg,1874,1874.0,Large,80
2026-04-23T14:32:18.674750,0,28,0,1902,1080,0.7163,egg,1874,1874.0,Large,80
2026-04-23T14:32:18.715662,0,28,0,1902,1080,0.7163,egg,1874,1874.0,Large,80
2026-04-23T14:32:18.759214,0,28,0,1902,1080,0.7163,egg,1874,1874.0,Large,80
2026-04-23T14:32:18.798060,0,28,0,1902,1080,0.7163,egg,1874,1874.0,Large,80
2026-04-23T14:32:18.849135,0,28,0,1902,1080,0.7163,egg,1874,1874.0,Large,80
2026-04-23T14:32:18.880997,0,28,0,1902,1080,0.7163,egg,1874,1874.0,Large,80
2026-04-23T14:32:18.925528,0,28,0,1902,1080,0.7163,egg,1874,1874.0,Large,80
2026-04-23T14:32:18.966331,0,28,0,1902,1080,0.7163,egg,1874,1874.0,Large,80
2026-04-23T14:32:19.010475,0,28,0,1902,1080,0.7163,egg,1874,1874.0,Large,80
2026-04-23T14:32:19.048120,0,28,0,1902,1080,0.7163,egg,1874,1874.0,Large,80
2026-04-23T14:32:19.097972,0,28,0,1902,1080,0.7163,egg,1874,1874.0,Large,80
2026-04-23T14:32:19.133037,0,28,0,1902,1080,0.7163,egg,1874,1874.0,Large,80
2026-04-23T14:32:19.176308,0,28,0,1902,1080,0.7163,egg,1874,1874.0,Large,80
2026-04-23T14:32:19.214608,0,28,0,1902,1080,0.7163,egg,1874,1874.0,Large,80
2026-04-23T14:32:19.253307,0,28,0,1902,1080,0.7163,egg,1874,1874.0,Large,80
2026-04-23T14:32:19.296119,0,28,0,1902,1080,0.7163,egg,1874,1874.0,Large,80
2026-04-23T14:32:19.341862,0,28,0,1902,1080,0.7163,egg,1874,1874.0,Large,80
2026-04-23T14:32:19.379886,0,28,0,1902,1080,0.7163,egg,1874,1874.0,Large,80
2026-04-23T14:32:19.422645,0,28,0,1902,1080,0.7163,egg,1874,1874.0,Large,80
2026-04-23T14:32:19.464908,0,28,0,1902,1080,0.7163,egg,1874,1874.0,Large,80
2026-04-23T14:32:19.504030,0,28,0,1902,1080,0.7163,egg,1874,1874.0,Large,80
2026-04-23T14:32:19.547927,0,28,0,1902,1080,0.7163,egg,1874,1874.0,Large,80
2026-04-23T14:32:19.592617,0,28,0,1902,1080,0.7163,egg,1874,1874.0,Large,80
2026-04-23T14:32:19.633151,0,28,0,1902,1080,0.7163,egg,1874,1874.0,Large,80
2026-04-23T14:32:19.678848,0,28,0,1902,1080,0.7163,egg,1874,1874.0,Large,80
2026-04-23T14:32:19.718067,0,28,0,1902,1080,0.7163,egg,1874,1874.0,Large,80
2026-04-23T14:32:19.757842,0,28,0,1902,1080,0.7163,egg,1874,1874.0,Large,80
2026-04-23T14:32:19.800704,0,28,0,1902,1080,0.7163,egg,1874,1874.0,Large,80
2026-04-23T14:32:19.843016,0,28,0,1902,1080,0.7163,egg,1874,1874.0,Large,80
2026-04-23T14:32:19.877001,0,28,0,1902,1080,0.7163,egg,1874,1874.0,Large,80
2026-04-23T14:32:19.925057,0,28,0,1902,1080,0.7163,egg,1874,1874.0,Large,80
2026-04-23T14:32:19.960255,0,28,0,1902,1080,0.7163,egg,1874,1874.0,Large,80
2026-04-23T14:32:20.007333,0,28,0,1902,1080,0.7163,egg,1874,1874.0,Large,80
2026-04-23T14:32:20.047530,0,28,0,1902,1080,0.7163,egg,1874,1874.0,Large,80
2026-04-23T14:32:20.086857,0,28,0,1902,1080,0.7163,egg,1874,1874.0,Large,80
2026-04-23T14:32:20.129584,0,28,0,1902,1080,0.7163,egg,1874,1874.0,Large,80
2026-04-23T14:32:20.175738,0,28,0,1902,1080,0.7163,egg,1874,1874.0,Large,80
2026-04-23T14:32:20.212846,0,28,0,1902,1080,0.7163,egg,1874,1874.0,Large,80
2026-04-23T14:32:20.257643,0,28,0,1902,1080,0.7163,egg,1874,1874.0,Large,80
2026-04-23T14:32:20.300198,0,28,0,1902,1080,0.7163,egg,1874,1874.0,Large,80
2026-04-23T14:32:20.340048,0,28,0,1902,1080,0.7163,egg,1874,1874.0,Large,80
2026-04-23T14:32:20.379291,0,28,0,1902,1080,0.7163,egg,1874,1874.0,Large,80
2026-04-23T14:32:20.420973,0,28,0,1902,1080,0.7163,egg,1874,1874.0,Large,80
2026-04-23T14:32:20.462204,0,28,0,1902,1080,0.7163,egg,1874,1874.0,Large,80
2026-04-23T14:32:20.501123,0,28,0,1902,1080,0.7163,egg,1874,1874.0,Large,80
2026-04-23T14:32:20.547475,0,28,0,1902,1080,0.7163,egg,1874,1874.0,Large,80
2026-04-23T14:32:20.588338,0,28,0,1902,1080,0.7163,egg,1874,1874.0,Large,80
2026-04-23T14:32:20.629581,0,28,0,1902,1080,0.7163,egg,1874,1874.0,Large,80
2026-04-23T14:32:20.670919,0,28,0,1902,1080,0.7163,egg,1874,1874.0,Large,80
2026-04-23T14:32:20.713789,0,24,28,1880,1080,0.712,egg,1856,1856.0,Large,80
2026-04-23T14:32:20.757178,0,24,28,1880,1080,0.712,egg,1856,1856.0,Large,80
2026-04-23T14:32:20.796825,0,24,28,1880,1080,0.712,egg,1856,1856.0,Large,80
2026-04-23T14:32:20.837353,0,24,28,1880,1080,0.712,egg,1856,1856.0,Large,80
2026-04-23T14:32:20.882868,0,24,28,1880,1080,0.712,egg,1856,1856.0,Large,80
2026-04-23T14:32:20.915763,0,24,28,1880,1080,0.712,egg,1856,1856.0,Large,80
2026-04-23T14:32:20.959394,0,24,28,1880,1080,0.712,egg,1856,1856.0,Large,80
2026-04-23T14:32:21.000963,0,24,28,1880,1080,0.712,egg,1856,1856.0,Large,80
2026-04-23T14:32:21.048168,0,24,28,1880,1080,0.712,egg,1856,1856.0,Large,80
