                  epoch,         train/box_loss,         train/cls_loss,         train/dfl_loss,   metrics/precision(B),      metrics/recall(B),       metrics/mAP50(B),    metrics/mAP50-95(B),           val/box_loss,           val/cls_loss,           val/dfl_loss,                 lr/pg0,                 lr/pg1,                 lr/pg2
                      1,                0.62228,                 2.3634,                 0.9569,                0.81335,                0.71442,                0.80155,                0.55154,                 1.0704,                 2.0262,                 1.2613,                  0.091,                  0.001,                  0.001
                      2,                0.55529,                0.87111,                0.94965,                0.95722,                0.81967,                0.91557,                0.63985,                 1.0176,                 1.0771,                 1.1804,               0.081058,              0.0020584,              0.0020584
                      3,                0.55163,                0.49677,                0.92109,                0.91768,                0.91383,                0.95457,                0.69148,                  1.061,                0.67927,                 1.1961,               0.071073,              0.0030733,              0.0030733
                      4,                0.59085,                0.41374,                0.93766,                0.98175,                0.88202,                0.91605,                0.66897,                 1.0554,                0.71277,                 1.1525,               0.061045,              0.0040446,              0.0040446
                      5,                0.59764,                 0.3832,                 0.9169,                0.96477,                  0.898,                0.93187,                0.69095,                 1.0165,                0.62336,                 1.1144,               0.050972,              0.0049723,              0.0049723
                      6,                0.61327,                0.36142,                0.92716,                0.92713,                0.88525,                0.94881,                 0.7108,                  1.026,                0.61496,                 1.0941,               0.040857,              0.0058565,              0.0058565
                      7,                0.66267,                 0.4086,                0.95968,                0.93292,                0.91202,                0.96883,                0.70865,                 1.0356,                0.59237,                 1.1259,               0.030697,              0.0066971,              0.0066971
                      8,                0.63834,                0.37831,                  0.926,                0.95938,                0.88525,                0.92974,                0.67218,                 1.0949,                0.72926,                 1.1915,               0.020494,              0.0074942,              0.0074942
                      9,                0.65584,                0.43727,                0.92692,                0.94629,                 0.8665,                0.94337,                0.67402,                 1.0904,                0.73974,                 1.1506,               0.010248,              0.0082477,              0.0082477
                     10,                0.66413,                0.43006,                0.93941,                0.92738,                0.83743,                0.92822,                0.63479,                 1.1952,                 0.7337,                  1.234,               0.008218,               0.008218,               0.008218
                     11,                0.63236,                0.39289,                0.93044,                0.96211,                0.83251,                0.92203,                0.64389,                 1.1477,                0.79365,                 1.1772,               0.008218,               0.008218,               0.008218
                     12,                0.67398,                0.40417,                0.95534,                0.96129,                0.81437,                0.92267,                0.65313,                 1.1561,                 0.6583,                 1.1907,                0.00802,                0.00802,                0.00802
                     13,                0.65798,                0.40466,                0.93589,                0.95991,                0.78499,                0.92235,                0.65951,                 1.1288,                0.72078,                 1.1635,               0.007822,               0.007822,               0.007822
                     14,                0.65036,                0.38822,                0.94822,                0.90714,                0.80076,                0.89953,                0.62566,                 1.0986,                0.77029,                 1.1682,               0.007624,               0.007624,               0.007624
                     15,                0.68462,                0.40737,                0.93879,                0.96152,                0.81925,                0.91556,                0.65683,                 1.0733,                0.62777,                 1.1713,               0.007426,               0.007426,               0.007426
                     16,                0.66511,                0.38515,                 0.9448,                0.94501,                0.85246,                0.89803,                0.63173,                 1.0946,                0.70432,                 1.1728,               0.007228,               0.007228,               0.007228
                     17,                0.62708,                0.36631,                0.93573,                0.94229,                0.83607,                0.89706,                0.65074,                 1.0596,                0.69691,                 1.1359,                0.00703,                0.00703,                0.00703
                     18,                0.64972,                0.38624,                0.93894,                0.91028,                0.78689,                0.88836,                0.63873,                 1.0872,                0.80541,                 1.1473,               0.006832,               0.006832,               0.006832
                     19,                0.66652,                0.37989,                0.94131,                0.93835,                0.78689,                0.89324,                0.64409,                 1.0917,                0.88567,                 1.1671,               0.006634,               0.006634,               0.006634
                     20,                 0.6675,                0.37746,                0.94421,                0.94432,                0.78689,                0.90288,                0.62789,                 1.1639,                0.85997,                 1.2577,               0.006436,               0.006436,               0.006436
                     21,                0.60047,                 0.3675,                0.93187,                0.96107,                0.83607,                0.92327,                0.64608,                 1.1289,                0.72686,                 1.2092,               0.006238,               0.006238,               0.006238
                     22,                0.64063,                 0.3776,                0.94156,                0.92973,                0.86768,                0.92722,                0.66134,                 1.0947,                0.64788,                 1.1854,                0.00604,                0.00604,                0.00604
                     23,                0.63858,                0.37542,                0.93517,                0.95568,                0.81967,                0.91986,                0.65106,                 1.1167,                0.67071,                 1.2072,               0.005842,               0.005842,               0.005842
                     24,                0.61788,                0.36428,                 0.9215,                0.91222,                0.85178,                0.91258,                0.62257,                 1.1563,                0.73958,                 1.2489,               0.005644,               0.005644,               0.005644
                     25,                0.63209,                 0.3575,                0.92335,                0.91311,                0.88525,                0.92609,                0.64901,                 1.0953,                0.69986,                 1.1993,               0.005446,               0.005446,               0.005446
                     26,                0.62113,                0.35107,                0.91936,                0.91489,                0.83607,                0.92162,                0.63405,                 1.1294,                0.79503,                 1.1717,               0.005248,               0.005248,               0.005248
                     27,                 0.6211,                0.35938,                0.93364,                0.93862,                0.88525,                0.92076,                0.67551,                    1.1,                0.72197,                 1.1374,                0.00505,                0.00505,                0.00505
                     28,                0.60717,                0.35319,                0.92576,                0.96278,                0.84808,                0.92735,                 0.6861,                 1.1024,                0.61813,                 1.1661,               0.004852,               0.004852,               0.004852
                     29,                0.61978,                0.36776,                0.94516,                0.96353,                 0.8662,                0.91928,                0.67083,                 1.0801,                0.64469,                 1.1575,               0.004654,               0.004654,               0.004654
                     30,                0.60467,                0.36161,                0.90665,                0.95821,                0.85246,                0.93785,                0.69037,                 1.0825,                0.60414,                 1.1283,               0.004456,               0.004456,               0.004456
                     31,                0.61608,                  0.351,                0.92538,                 0.9724,                0.85246,                0.93234,                0.68757,                  1.105,                0.57968,                 1.1358,               0.004258,               0.004258,               0.004258
                     32,                0.56546,                0.34518,                0.90229,                0.97504,                0.85246,                0.92791,                0.67956,                 1.0915,                0.60967,                 1.1392,                0.00406,                0.00406,                0.00406
                     33,                0.56609,                0.33626,                0.90652,                0.96355,                 0.8667,                0.93926,                0.69148,                 1.0986,                0.57331,                 1.1362,               0.003862,               0.003862,               0.003862
                     34,                0.60148,                0.33638,                0.92949,                0.96423,                0.88383,                0.92918,                0.67985,                 1.1191,                0.59973,                 1.1511,               0.003664,               0.003664,               0.003664
                     35,                0.59148,                0.35294,                0.92606,                      1,                0.86739,                0.93017,                0.69249,                 1.1078,                0.63651,                 1.1528,               0.003466,               0.003466,               0.003466
                     36,                0.53514,                0.32199,                0.88917,                      1,                0.86645,                0.93331,                 0.6826,                 1.1039,                0.68672,                 1.1631,               0.003268,               0.003268,               0.003268
                     37,                0.53646,                0.32569,                0.88651,                0.99722,                0.88525,                0.93144,                0.69215,                 1.0756,                0.67702,                 1.1423,                0.00307,                0.00307,                0.00307
                     38,                0.56353,                0.33055,                0.90588,                 0.9792,                0.88525,                 0.9433,                0.69988,                 1.0697,                0.59729,                 1.1297,               0.002872,               0.002872,               0.002872
                     39,                  0.514,                0.29671,                0.89503,                0.98028,                0.90164,                0.94698,                0.69505,                 1.0948,                0.60488,                 1.1645,               0.002674,               0.002674,               0.002674
                     40,                0.52693,                0.30436,                0.89928,                0.97881,                0.88525,                0.96452,                0.71767,                 1.0831,                0.55206,                 1.1329,               0.002476,               0.002476,               0.002476
                     41,                0.50307,                0.28285,                0.86036,                0.97732,                0.88525,                0.97254,                 0.7125,                 1.0857,                0.54114,                 1.1331,               0.002278,               0.002278,               0.002278
                     42,                0.48864,                0.27182,                0.86593,                      1,                0.88335,                0.96316,                0.70126,                 1.0683,                0.59078,                 1.1361,                0.00208,                0.00208,                0.00208
                     43,                0.45837,                0.26716,                0.84738,                 0.9988,                0.88525,                0.94625,                0.70701,                 1.0507,                0.56043,                 1.1422,               0.001882,               0.001882,               0.001882
                     44,                0.44455,                0.25329,                0.84189,                      1,                 0.9007,                  0.941,                0.70254,                 1.0375,                0.54185,                 1.1193,               0.001684,               0.001684,               0.001684
                     45,                0.44827,                0.25394,                0.85587,                0.99868,                0.88525,                0.94572,                0.71171,                 1.0316,                0.53634,                  1.116,               0.001486,               0.001486,               0.001486
                     46,                0.44057,                0.25524,                0.83664,                      1,                0.88457,                0.95022,                0.71244,                   1.03,                0.51011,                 1.1082,               0.001288,               0.001288,               0.001288
                     47,                0.43934,                0.24751,                0.84654,                 0.9972,                0.86885,                0.95587,                0.72193,                 1.0332,                0.50802,                 1.1214,                0.00109,                0.00109,                0.00109
                     48,                0.43282,                0.25264,                0.85088,                0.99775,                0.86885,                0.96201,                0.73104,                 1.0336,                0.50398,                 1.1241,               0.000892,               0.000892,               0.000892
                     49,                 0.4272,                0.23627,                0.85615,                0.99766,                0.86885,                0.96336,                0.72485,                 1.0391,                0.50018,                 1.1287,               0.000694,               0.000694,               0.000694
                     50,                0.42731,                 0.2446,                0.84217,                0.96487,                0.90051,                0.96576,                0.73047,                 1.0416,                0.49963,                 1.1282,               0.000496,               0.000496,               0.000496
